00000000011100000010000000100011
00000001100000000010000010100011
00000001110100000010000100100011
00000001111100000010000110100011
00000001110000000010001000100011
00000001000000000010001010100011
00000000000000000010001100100011
00000000000000000010001110100011
00000000001100000010010000100011
00000001100100000010010010100011
00000001000100000010010100100011
00000001011100000010010110100011
00000000011100000010011000100011
00000000000000000010011010100011
00000000001100000010011100100011
00000001010000000010011110100011
00000000000000000010100000100011
00000001111000000010100010100011
00000001111100000010100100100011
00000000110000000010100110100011
00000001110000000010101000100011
00000001001000000010101010100011
00000001101000000010101100100011
00000000111100000010101110100011
00000000000100000010110000100011
00000000111000000010110010100011
00000000101000000010110100100011
00000001110100000010110110100011
00000001110000000010111000100011
00000001010000000010111010100011
00000000011100000010111100100011
00000000011100000010111110100011
00000011000100000010000000100011
00000010110000000010000010100011
00000011100000000010000100100011
00000010110000000010000110100011
00000010100000000010001000100011
00000010101100000010001010100011
00000011110100000010001100100011
00000010101100000010001110100011
00000010111100000010010000100011
00000010011100000010010010100011
00000011000000000010010100100011
00000010011000000010010110100011
00000010100100000010011000100011
00000011000100000010011010100011
00000011000000000010011100100011
00000010111100000010011110100011
00000011110100000010100000100011
00000011011100000010100010100011
00000011110000000010100100100011
00000011100100000010100110100011
00000010111000000010101000100011
00000010011100000010101010100011
00000010001000000010101100100011
00000010100100000010101110100011
00000010110100000010110000100011
00000010111000000010110010100011
00000011111100000010110100100011
00000011110100000010110110100011
00000011001100000010111000100011
00000011001000000010111010100011
00000010001100000010111100100011
00000010110000000010111110100011
00000101111000000010000000100011
00000100011000000010000010100011
00000100010100000010000100100011
00000100101100000010000110100011
00000101001100000010001000100011
00000100110100000010001010100011
00000100110100000010001100100011
00000100100100000010001110100011
00000101110000000010010000100011
00000101010100000010010010100011
00000100001100000010010100100011
00000100001000000010010110100011
00000100000000000010011000100011
00000101110100000010011010100011
00000100101100000010011100100011
00000100110100000010011110100011
00000101001000000010100000100011
00000100010100000010100010100011
00000100000000000010100100100011
00000101010100000010100110100011
00000100111000000010101000100011
00000100011000000010101010100011
00000100011000000010101100100011
00000101011000000010101110100011
00000101011100000010110000100011
00000101000100000010110010100011
00000101000000000010110100100011
00000100110100000010110110100011
00000101000100000010111000100011
00000101011100000010111010100011
00000100100100000010111100100011
00000101100100000010111110100011
00000110001000000010000000100011
00000110111100000010000010100011
00000110110000000010000100100011
00000111110100000010000110100011
00000110110100000010001000100011
00000111111000000010001010100011
00000110110000000010001100100011
00000110011100000010001110100011
00000111101100000010010000100011
00000110111100000010010010100011
00000110110100000010010100100011
00000111000100000010010110100011
00000110011100000010011000100011
00000110100000000010011010100011
00000110011000000010011100100011
00000111001000000010011110100011
00000111101000000010100000100011
00000111101100000010100010100011
00000111010000000010100100100011
00000111111100000010100110100011
00000111111100000010101000100011
00000111010100000010101010100011
00000111100100000010101100100011
00000110101100000010101110100011
00000111100000000010110000100011
00000110000100000010110010100011
00000110101100000010110100100011
00000110101100000010110110100011
00000110010000000010111000100011
00000111111100000010111010100011
00000110110100000010111100100011
00000110110100000010111110100011
00001001100100000010000000100011
00001000110100000010000010100011
00001001001000000010000100100011
00001001010000000010000110100011
00001000000100000010001000100011
00001000110000000010001010100011
00001001111000000010001100100011
00001001001100000010001110100011
00001001110100000010010000100011
00001001110100000010010010100011
00001001100000000010010100100011
00001001000100000010010110100011
00001001101000000010011000100011
00001000000000000010011010100011
00001001011100000010011100100011
00001000001100000010011110100011
00001000000100000010100000100011
00001000010100000010100010100011
00001000111100000010100100100011
00001000000000000010100110100011
00001001101100000010101000100011
00001000111100000010101010100011
00001000010000000010101100100011
00001000011100000010101110100011
00001000000100000010110000100011
00001000011000000010110010100011
00001000111000000010110100100011
00001000111000000010110110100011
00001000101100000010111000100011
00001000111000000010111010100011
00001000101000000010111100100011
00001001001000000010111110100011
00001011111100000010000000100011
00001011011000000010000010100011
00001010101100000010000100100011
00001011001000000010000110100011
00001010110000000010001000100011
00001010101100000010001010100011
00001010110100000010001100100011
00001011011100000010001110100011
00001010101100000010010000100011
00001011010000000010010010100011
00001011101100000010010100100011
00001010001100000010010110100011
00001010010100000010011000100011
00001011111000000010011010100011
00001011111100000010011100100011
00001010100000000010011110100011
00001010100100000010100000100011
00001011101000000010100010100011
00001011100100000010100100100011
00001010101100000010100110100011
00001010101100000010101000100011
00001010100000000010101010100011
00001010100000000010101100100011
00001011111100000010101110100011
00001010000100000010110000100011
00001011010100000010110010100011
00001011000000000010110100100011
00001010001100000010110110100011
00001010111000000010111000100011
00001011011000000010111010100011
00001011111000000010111100100011
00001011000000000010111110100011
00001101110100000010000000100011
00001101111100000010000010100011
00001100111000000010000100100011
00001100101100000010000110100011
00001100001000000010001000100011
00001101101100000010001010100011
00001100110100000010001100100011
00001101100000000010001110100011
00001101000100000010010000100011
00001100111100000010010010100011
00001100100000000010010100100011
00001100010000000010010110100011
00001100001000000010011000100011
00001101101100000010011010100011
00001100101000000010011100100011
00001101010100000010011110100011
00001100001100000010100000100011
00001101001000000010100010100011
00001100001100000010100100100011
00001100011100000010100110100011
00001100110100000010101000100011
00001101011000000010101010100011
00001101101100000010101100100011
00001101101000000010101110100011
00001100011100000010110000100011
00001100101100000010110010100011
00001101111000000010110100100011
00001100100100000010110110100011
00001100010000000010111000100011
00001101011100000010111010100011
00001100100100000010111100100011
00001100101000000010111110100011
00001110000000000010000000100011
00001111001000000010000010100011
00001110111000000010000100100011
00001110010100000010000110100011
00001111011000000010001000100011
00001111000100000010001010100011
00001110100000000010001100100011
00001110110000000010001110100011
00001110011100000010010000100011
00001111001000000010010010100011
00001110000100000010010100100011
00001111001100000010010110100011
00001110000100000010011000100011
00001111101100000010011010100011
00001110101000000010011100100011
00001110001100000010011110100011
00001111001000000010100000100011
00001111010000000010100010100011
00001111100100000010100100100011
00001111011100000010100110100011
00001111100100000010101000100011
00001111010000000010101010100011
00001111110100000010101100100011
00001111001100000010101110100011
00001111011100000010110000100011
00001111011000000010110010100011
00001111011000000010110100100011
00001111110100000010110110100011
00001111111100000010111000100011
00001110101000000010111010100011
00001110001100000010111100100011
00001111100100000010111110100011
00000001111001111101001010110011
01000001010000110000101010110011
00000000111010101101011100110011
00000001001101101110101100110011
00000001011111111101111000110011
00000001101100011100000010110011
00000001111001110111101010110011
00000001001000000000011000110011
00000000101110010100000000110011
00000001000100100000111110110011
00000000111000001110101010110011
00000000100011111011110000110011
00000001011101010110000010110011
00000000001100111011100010110011
00000000111010100011110110110011
01000001111111111000001000110011
00000001100010001011110000110011
00000000111101011111000010110011
01000000001011100000010110110011
00000000100010011000001100110011
01000000100011000101010010110011
00000000111011110101001000110011
00000000111001111010001010110011
00000001100111101000111000110011
00000001010111100011110010110011
00000001100101101000000110110011
00000000010100001100011110110011
00000000011010000111100100110011
00000001101001110111010110110011
01000001111010011101011100110011
00000001000110111101010000110011
00000000100101111111010010110011
00000001111100010000000110110011
00000001101011011100110010110011
00000001011100100111000010110011
00000001001000110110010110110011
00000000110011101000000010110011
01000001110010011101001110110011
00000000010011111101111010110011
00000000001000100000111010110011
01000000111100101101001010110011
00000000001010101111101110110011
00000001110011011010111010110011
00000001011100101100001010110011
00000001001110001111101010110011
00000001001011001001110100110011
00000001111101011011100010110011
00000001100000000010111100110011
00000001110101010011101000110011
00000000000101001001010110110011
00000000101110010101110100110011
01000001000111111000000110110011
00000000101000110000010000110011
00000000010000101111100000110011
00000001110111111000110110110011
00000000111101111011111000110011
01000000100110100000000100110011
00000001100100000011001100110011
00000000011010110010000000110011
00000000010001000101001110110011
00000001011011100010110000110011
00000001001111101001011100110011
00000000110010110001101000110011
01000001010010110000010010110011
00000000010110001001000010110011
00000000100010011100110110110011
00000001010101000110001010110011
00000000111101010001110100110011
01000000011110100101101110110011
01000000010001001101010100110011
00000000110011101000111010110011
01000000011000100101101010110011
00000000100001100111111000110011
00000001101000000101101000110011
00000001111000011100111010110011
00000000101001101111000110110011
00000001010110111110111100110011
00000000010110111101010100110011
01000001001111110101000100110011
00000000011111111110001100110011
00000001101011000001011000110011
00000000011111000011011000110011
00000000010111111110101010110011
00000000101111000001010100110011
00000000110010001101011000110011
00000000101111010101000000110011
01000001010110000101111100110011
00000001000010100011110110110011
00000000000100011010101010110011
00000000110110011110101000110011
00000001010100010100001010110011
01000000110100000000100000110011
00000001001110000001101010110011
00000001111000000001001000110011
00000000000101001101100010110011
00000001110100000110100110110011
00000001000011001000101000110011
00000001000101101001101000110011
01000000001100110000101110110011
00000000001011100110110100110011
0000001011111010001001010010011
0000001001100001001110000010011
0100000100010000101100000010011
0100000000111110101100100010011
11010111001110100010100000010011
00001010111111011111010110010011
0000000000100011001010000010011
0000000111011001101110000010011
10010100010000111000001000010011
0000001000010011101001010010011
10100110111010011010110000010011
00011111111101001110101010010011
0100001111110110101100100010011
0100000010111111101101000010011
11101010111111001110101000010011
11011101111100100000100000010011
0000000000111001001001000010011
0000001001100110101110110010011
0100000011100100101000010010011
00000001001010111111101010010011
00111111111000110111000010010011
10011001011011011011101110010011
10111100001110010111101110010011
0100001011010000101111100010011
0000001001100011101001100010011
01010001100100011000000010010011
10101100101001011100001110010011
0000001011101010001010100010011
10101111010001011111110000010011
11010001001101101111011110010011
0100000101110010101010000010011
01100010101110101011000000010011
11100000010011110100110110010011
01011001101001001010001010010011
00011101111100011110110100010011
11001001100000000111010000010011
0000000000011111101111000010011
0000001100110100001000100010011
0000001100101000101100100010011
11100101110000000010010000010011
01011100001100110000110110010011
01000000010000001000001110010011
0000001100111101001111010010011
0100000000001010101110010010011
0000001101101100001011110010011
10001011101100100000011000010011
0000000011101100001111010010011
0100001111011100101101100010011
0100001010101100101111110010011
0000000111110110101100110010011
01100110101000001110110000010011
0000000100111000001100110010011
01001101111111101010101000010011
00111001000110111100010000010011
0000001011001000101111010010011
11010101111000110111000100010011
00001111010100010011011010010011
0000001111101010001000110010011
0000000011111011101000000010011
01000110010100110100001000010011
10110010010010010000011000010011
0000000011101110001100100010011
00011011100000001100110000010011
01010111101111111000011010010011
11111100010000011000101110010011
0000001100111010101000000010011
01100011011010101010111010010011
0000000001011010001011110010011
10111001101101111000010100010011
01100101010111010110101010010011
11001111010001110100011000010011
11111110111101110110111100010011
11100011101011100000001100010011
10111111110000101000010110010011
10001101110011101111111110010011
0100000101011111101001100010011
01101100101011001011111100010011
0000000101111011001111000010011
11101110011010101010110010010011
0100000100000001101111100010011
00010100110001100000110100010011
00101010111010011100111110010011
0000001101100010101011010010011
0000001011010101001110100010011
0100001111101010101100100010011
01000101001011010010010010010011
01110110110110011010110000010011
01111010110010010110011110010011
00111110110110010100010000010011
11010001011100010000010110010011
11110001111000001110001010010011
10000100111110000011001100010011
0000001011101101101001100010011
01110100010111000110010000010011
10010000011101101010000000010011
10110110000100111010000100010011
01110110000110111111011000010011
0000000101111011001000100010011
0000001111001010101110010010011
0000001001101001101101000010011
01011000000100001111111110110111
00000000000110100000001110110111
10100000101001100111111010110111
10111111101010111101110010110111
00101110111100110110100110110111
10110111010010110101110100110111
10011100111000001110101000110111
11001010111011001110110110110111
01101000101111100101101110110111
10011111101100011110111110110111
00101110110001101111010110110111
01000001011011110111010100110111
11100100100101011000111100110111
11110011110101010011111110110111
00101001100010001100110110110111
10100110010110010111001000110111
00010010100000100101110010110111
00000010101111011011001110110111
01000001001111100010001110110111
01011110000101111000111010110111
10100110100111001111000010110111
00010101011100001010110100110111
01011101100110001111000000110111
01101010100000000101011010110111
01110111010011000011011100110111
10001000010111100110100010110111
11000111111101011001100000110111
10001100111011011011010010110111
00110100001100100011100100110111
00110110110100000100100010110111
00010001110111000110100010110111
00110101010110001001110110110111
01100001011011100000001110110111
11000000001000100100010010110111
00011011011111001001010100110111
01000000100001101110110010110111
00001010001100111010100000110111
01100011001011110101100110110111
01010101000000010011010010110111
01110111110011100010111010110111
10111001110011001100000000110111
00000101110111100101011000110111
01110000011110010101101000110111
10011110001101000011100100110111
00001100100100001101011100110111
10111101011101101011101110110111
00001101001010010101011000110111
11100000100111000110111100110111
01110010110110011101110100110111
11011010100011010100111000110111
10000001101111001000101000110111
01011100110001101011000100110111
11011100001101001100001110110111
10111011010000001100101000110111
11110011000111000000001010110111
10011100100000111101011000110111
10101111101101011110110010110111
10000000101011100010000000110111
00000001110010101111111110110111
00011010011110011110000010110111
00001011110100110010100110110111
01011011000110011101011010110111
01011100111011000001101100110111
10101101011011110000010100110111
00111101100011100111100100110111
00110100011010010111010110110111
11011000111010011001010000110111
10101000001100000000011010110111
11101111111000000111100010110111
01011100011001001011010100110111
11011101001010100111101110110111
11011001011110100110000000110111
10001010111100111101110010110111
10011010001110010100011010110111
11000111001100100000010100110111
01110011101100110101000110110111
10100000001101101001110000110111
00000100011001010110000000110111
00111000101110000110011100110111
01110000111101001001010110110111
01011101001100011110000010110111
01001101000111100001011000110111
01111010001100111010111010110111
01001100000010101010001010110111
10011110001111010101110100110111
10011101101111111000101010110111
11011111010111000001010000110111
01011101100000010101000000110111
11101100110000100100100100110111
01101100100110001110011100110111
11000011101001001111101000110111
01110100001111011101011000110111
10111100001100110001101000110111
11001000011011110000101000110111
00011001110100100001000010110111
00101001000101111011000010110111
10001111001101110001110100110111
11110000010101010010001010110111
11010100100010111100100010110111
00111011100101001100010100110111
10000101000100001000101100010111
00000111000101011001010010010111
11001000101011110010001000010111
01101010101101001110100000010111
10100001101001010011000110010111
10010100101001010001001000010111
01111110101100100111001010010111
00110100111101000000010100010111
00100111010101000111000110010111
10111001011100000110110110010111
11001111011101110101000000010111
11100010110011001011001110010111
01011011000001100111110100010111
00100111011110001100010100010111
01001110001100010100011000010111
01000111101001100101110100010111
00110001111111100011110110010111
01011000100100011101010110010111
01110100110011001101100100010111
01100001010010001011000010010111
00010001011110010101100010010111
11000101100110110001001100010111
11001111000010000101101000010111
00000011000000100111000000010111
00110101101011101001011000010111
11010010100111011110100100010111
11101101110111000111101110010111
10001001111001001010100000010111
11011111000010101111101010010111
10110010111110001010001010010111
00110011001001110010001100010111
10000111101001110100110000010111
11110100100100101000000000010111
11011111010011111010111000010111
10000111111101100100011110010111
11000000000010100100000010010111
10010101011001000101110000010111
01111101111100111011010110010111
01110010110111111001100000010111
10100111000110100011001000010111
10111111111100000111101010010111
11001101111010011011010010010111
01000110001010101000010010010111
11000011011101000010010000010111
01011011011001001010010100010111
00001000100101011111101010010111
01101011111010101011001000010111
11000010100101000001001100010111
11010110111100110001101000010111
01110000001101111000001100010111
00011010110100010000101110010111
01111101100101001101011100010111
11101110010010010110101100010111
00001101011111001000001000010111
00111110001100010101100110010111
10101101101100100011100010010111
10101000100011010011011100010111
11011011001111111001110010010111
01000011011010011101101100010111
00101111100100111000010010010111
11000111001111101000100110010111
01101000111101000011000110010111
11000011111010111001101000010111
00001011111110100110100000010111
11001000000000010100011100010111
11011001011010100101111110010111
11000100010010000001000010010111
11000001001100101110101110010111
01010010111001110001001100010111
11111010001001000001100110010111
01111111000011011101011100010111
11000011010101000100111110010111
00110011111011001100111110010111
00101000011111000110000010010111
11000110111110111111101110010111
01010110100010110110101000010111
00001011101100000010101000010111
00011010010110111011110110010111
01100001001001101100111100010111
01010000000110001110001000010111
11000111111000011110111000010111
00101100100001110110001100010111
11000101010100001101111000010111
00110110101010111011110010010111
10100101100100001011001100010111
10000001100000110111000110010111
00101000001100101111101010010111
11001110111100010111010110010111
00101001001000101111111010010111
10001110010000100001101110010111
10110000101001001100001100010111
10100001110111000101010010010111
01111101010001011001001110010111
10011110110001011110110000010111
10100111001110001010001110010111
00011110100001000001010100010111
11110010100000111000101010010111
00100101011110011011110100010111
10101010000010011101101010010111
01101111010010011110100000010111
00000010100011010000011000110011
00000011010010001000010010110011
00000011111011011000011100110011
00000010001110111000110100110011
00000010101111010000000100110011
00000010000110010000111000110011
00000010110100100000001100110011
00000011110100010000111000110011
00000010000101000000111010110011
00000011011110010000011100110011
00000011110000010000010100110011
00000011100001011000110100110011
00000011000110000000011010110011
00000011001100100000001110110011
00000011101100111000100110110011
00000010110011100000000110110011
00000010100011000000010010110011
00000010000100111000100000110011
00000011000100011000110100110011
00000010010100000000100110110011
00000011011011000000000000110011
00000010001010101000010110110011
00000010001101101000110100110011
00000011001100011000000110110011
00000011100101101000001100110011
00000011101001000000010100110011
00000011001010100000001100110011
00000010010001010000100100110011
00000010111111010000001000110011
00000011010111000000001110110011
00000011010100100000001010110011
00000010010110100000101010110011
00000011110110011000110100110011
00000010000100111000101010110011
00000010011110110000000010110011
00000011100100001000001000110011
00000011011100111000110100110011
00000010101001010000010010110011
00000010111100010000000100110011
00000011001101101000011000110011
00000010101010100000101010110011
00000011001010110000101110110011
00000011101111110000111000110011
00000011110010101000010100110011
00000010111111111000101010110011
00000011111110110000010000110011
00000010010101101000001100110011
00000010101001100000001110110011
00000011000001110000111010110011
00000011100111001000100000110011
00000011100010011001000110110011
00000010111001000001010010110011
00000010111001111001010110110011
00000010100000100001010000110011
00000010000001000001010110110011
00000011010111100001011100110011
00000011100101000001001000110011
00000011110111010001101110110011
00000010100010000001001100110011
00000010101100111001011010110011
00000010110100000001001010110011
00000011001000101001010000110011
00000011000010111001101110110011
00000010100101110001010100110011
00000010100111101001101010110011
00000010101001100001011110110011
00000011111011100001011000110011
00000011100110011001000000110011
00000011011000011001101000110011
00000011101110010001000110110011
00000010000100110001001110110011
00000010101100000001110100110011
00000010111110000001001010110011
00000010010110010001110110110011
00000011000010101001111010110011
00000011110001001001110100110011
00000010111100010001100010110011
00000011111010001001010100110011
00000011011100000001010110110011
00000010111110101001010100110011
00000010110010111001110110110011
00000011000010010001100000110011
00000010011010111001101110110011
00000010010010000001011100110011
00000010111100101001110010110011
00000010111010011001010000110011
00000010001010001001010000110011
00000011011111011001100010110011
00000011101110101001100010110011
00000011000111101001100010110011
00000010010101110001110110110011
00000010110110011001001110110011
00000011110100111001100110110011
00000010110010101001101100110011
00000011111101110001101000110011
00000011011001110001000100110011
00000011001110100001111100110011
00000010011100100001101000110011
00000011000000111001100010110011
00000010000110101001110010110011
00000011110101100010001100110011
00000010101100110010100110110011
00000011110001100010010000110011
00000011010001010010100010110011
00000010101100010010100110110011
00000010100011101010111100110011
00000010110011000010010000110011
00000010111101110010111000110011
00000010111001100010010110110011
00000010101010111010101100110011
00000010001001100010011100110011
00000010111010011010111110110011
00000010111110110010111110110011
00000010011001101010010110110011
00000010010111110010100010110011
00000011110111010010110000110011
00000011100010010010101000110011
00000010100000000010010000110011
00000011110100111010100010110011
00000010111101000010000110110011
00000011010011010010101010110011
00000010111110010010110010110011
00000010000101110010110010110011
00000011001010111010111110110011
00000011110010010010010100110011
00000010001111011010110100110011
00000010100101100010110010110011
00000011101010110010000000110011
00000011111000111010000010110011
00000010101111110010000110110011
00000011011001000010111000110011
00000011101100011010000010110011
00000011011110010010011010110011
00000010001100001010111100110011
00000010010111001010001000110011
00000011111110110010100000110011
00000011000101001010100110110011
00000010001011100010100010110011
00000011111011100010111110110011
00000010001010111010101010110011
00000011101111001010001000110011
00000010101011000010000110110011
00000010110111010010001110110011
00000011011100001010101010110011
00000011000001100010111110110011
00000011110000101010110010110011
00000010111010101010010010110011
00000010011110101010101010110011
00000011110100101010100010110011
00000011111111011010100100110011
00000011101110001011110010110011
00000011111111110011010000110011
00000011001000001011111010110011
00000011110100001011011010110011
00000011011100001011110000110011
00000010010011110011010010110011
00000010110101110011100110110011
00000011000100111011111000110011
00000010000110100011111100110011
00000010110011011011011000110011
00000010011110111011101110110011
00000011101000101011111010110011
00000010101011000011011010110011
00000010010011011011111000110011
00000010110100100011101010110011
00000011100010001011100010110011
00000010111011101011101110110011
00000010001111110011011000110011
00000011111001010011100010110011
00000011110001110011100110110011
00000010001110010011101110110011
00000010111000010011000000110011
00000010101000010011001100110011
00000011000101010011001110110011
00000010110000111011111100110011
00000011111101110011111110110011
00000011000111111011011110110011
00000011011101010011001000110011
00000010001011101011011010110011
00000011100010010011011000110011
00000011110001100011101110110011
00000010100011100011001100110011
00000011000100000011011010110011
00000011110110100011010110110011
00000011110001000011100100110011
00000011011000111011000000110011
00000010011110110011000110110011
00000010010001001011011010110011
00000010000010100011010010110011
00000010110000110011100110110011
00000010011111001011011100110011
00000010001111101011011000110011
00000010100110110011000010110011
00000011000100101011111110110011
00000010111001111011100100110011
00000011011101000011001000110011
00000011010010001011111110110011
00000010101111110011101010110011
00000010001000100011011110110011
00000011101010101011100010110011
00000011011100001100100110110011
00000010000100010100001000110011
00000010110000110100000100110011
00000011010000100100010010110011
00000011110010111100000110110011
00000010110101101100011100110011
00000010010010000100111000110011
00000010101100101100001100110011
00000010010010001100010110110011
00000011010001011100101100110011
00000010011111000100011010110011
00000011111100100100001100110011
00000010111011101100111110110011
00000011011101100100001100110011
00000011111111011100111000110011
00000010011000011100001000110011
00000010011110111100010000110011
00000011001000101100100110110011
00000010000011100100011100110011
00000010001000101100010110110011
00000011000101101100111000110011
00000010110110010100000100110011
00000010000100001100100110110011
00000011011011010100011100110011
00000011010000110100100010110011
00000010110110111100000010110011
00000011011111101100100000110011
00000010111011000100111100110011
00000010011110000100011100110011
00000011000000100100011100110011
00000010101100001100011000110011
00000010011110011100000110110011
00000011011101010100100100110011
00000010110100011100110010110011
00000011000000011100001000110011
00000010000110111100001010110011
00000011101011011100001010110011
00000011000101111100001100110011
00000010100111101100001100110011
00000011001110101100111100110011
00000010011111000100100010110011
00000010001101011100000110110011
00000011001111111100011000110011
00000010111001110100100100110011
00000010110111100100011010110011
00000010010100001100101010110011
00000010011000100100000110110011
00000011000000101100011100110011
00000011100011011100101010110011
00000010010100111100111110110011
00000010110011100101111010110011
00000010000000100101001000110011
00000011110111010101110010110011
00000011010001110101010110110011
00000011001111111101101010110011
00000011111111101101111010110011
00000010001111110101010000110011
00000011110000011101110110110011
00000010111010011101101000110011
00000011011010001101100000110011
00000010110000110101100100110011
00000010010010000101101000110011
00000010101011010101110100110011
00000010101011011101001010110011
00000011100111011101010000110011
00000010010011100101010000110011
00000010111011010101110110110011
00000010010100010101001000110011
00000011000001111101101110110011
00000010010000110101111010110011
00000010011100111101011100110011
00000010010100100101010000110011
00000011101111111101010110110011
00000010011110010101101110110011
00000011101000000101001110110011
00000010100111000101101100110011
00000010001110000101110010110011
00000010100100110101111000110011
00000010010111100101010010110011
00000011011111001101101110110011
00000011100010110101110010110011
00000011000111101101010110110011
00000011100111110101110110110011
00000011000010011101011010110011
00000011000000101101100110110011
00000011001011011101011110110011
00000011010100100101001010110011
00000011011101110101001100110011
00000011100001001101101010110011
00000011011100010101010110110011
00000011011100010101101100110011
00000011110011100101000100110011
00000010010011011101100100110011
00000011011000001101001100110011
00000011000110111101010010110011
00000011101011101101010100110011
00000010001000011101100000110011
00000011111110110101101010110011
00000010010101100101111100110011
00000011001111100101011000110011
00000010011111110110101000110011
00000011110101001110010100110011
00000010010111111110110010110011
00000011000101011110110010110011
00000010101010110110010010110011
00000010000111010110101010110011
00000010010000100110111100110011
00000011111101010110101000110011
00000010010011101110101010110011
00000011011111110110000110110011
00000010001100011110000000110011
00000010001111011110010010110011
00000011111111101110100100110011
00000010110100001110111000110011
00000011110101101110010010110011
00000011100110010110010010110011
00000010000111100110101100110011
00000011011000000110110110110011
00000011101100101110101100110011
00000010011111101110001010110011
00000010010110100110101010110011
00000011110100110110010010110011
00000010011011110110100010110011
00000010110011001110101000110011
00000010011000101110110100110011
00000010101100111110010110110011
00000011001110011110111110110011
00000011000101100110100100110011
00000010001001111110110000110011
00000011010000001110111010110011
00000011100100010110101110110011
00000010111010010110111010110011
00000011111101001110110010110011
00000011110010001110111110110011
00000011110101111110001110110011
00000011101101101110101010110011
00000010111001110110011000110011
00000011110011011110010100110011
00000010100111110110010100110011
00000011111000101110111010110011
00000010000010000110111000110011
00000011101101011110110000110011
00000010110010011110011010110011
00000011111001010110101110110011
00000010100111000110110110110011
00000011100101100110110110110011
00000010000111111110110100110011
00000011101101101110001110110011
00000011110100011110011000110011
00000011100110010110001010110011
00000010111011111111010000110011
00000011011000101111001110110011
00000010100011000111111000110011
00000010101100001111111110110011
00000010000100001111101010110011
00000010011110100111100100110011
00000011000010000111101000110011
00000011001101011111101100110011
00000011010100010111010010110011
00000010001001100111000000110011
00000011011100110111010010110011
00000010101110110111101100110011
00000011111001011111100010110011
00000011101100011111011100110011
00000010010000111111000010110011
00000011011101000111010010110011
00000010101011111111101000110011
00000011110101111111011010110011
00000010111001101111100100110011
00000010110010010111111100110011
00000011100111111111100010110011
00000011100001100111000100110011
00000010011001011111001100110011
00000010111000110111000000110011
00000010010001110111101010110011
00000010001100010111110010110011
00000011000010101111110110110011
00000010000011010111100110110011
00000010000101100111100000110011
00000011011011000111101100110011
00000011101101010111000110110011
00000010000000111111101010110011
00000010110110111111010000110011
00000010000000010111111100110011
00000011100000110111100110110011
00000010011101101111101100110011
00000011100011001111100000110011
00000011111101101111010110110011
00000010011110111111111000110011
00000010100000010111000100110011
00000011010101011111001000110011
00000010111011100111000110110011
00000010010000010111100010110011
00000011100001000111000010110011
00000010001000000111111100110011
00000010011110010111101010110011
00000011001101110111111000110011
00000011110100100111010100110011
00000010011111111111111100110011
00000010000010110111010110110011
00000000101110011001000000100011
00000000010100100001001000100011
00000000100101101001010000100011
00000001110001100001011000100011
00000000100010111000100000100011
00000001001100101001101000100011
00000001111011101010110000100011
00000001110010011001111000100011
00000010011101110010000000100011
00000010000010011001001000100011
00000010111111110001010000100011
00000010001010110000011000100011
00000011100111100010100000100011
00000011101101001010101000100011
00000010110111010001110000100011
00000011001111101000111000100011
00000100010001000010000000100011
00000100110100001010001000100011
00000100010110001000010000100011
00000100101100101010011000100011
00000100010110110010100000100011
00000101011001101000101000100011
00000101111110001010110000100011
00000100101111100001111000100011
00000111111110111001000000100011
00000111001101010010001000100011
00000110011001100001010000100011
00000110110100010010011000100011
00000111011010000000100000100011
00000111110110110010101000100011
00000111010100100001110000100011
00000110110010000010111000100011
00001001000100011001000000100011
00001001000000101000001000100011
00001000001011001001010000100011
00001000001010100010011000100011
00001001100011011010100000100011
00001001111110100010101000100011
00001000000000001010110000100011
00001000100001010000111000100011
00001010110000101010000000100011
00001011111111000010001000100011
00001011000101011010010000100011
00001010010011101000011000100011
00001010101001010010100000100011
00001010000010101001101000100011
00001010110010000010110000100011
00001011000111111001111000100011
00001101100100111000000000100011
00001101001110010001001000100011
00001101001011000010010000100011
00001101111010111010011000100011
00001101001110010001100000100011
00001100111011110010101000100011
00001101100000111000110000100011
00001100100100010000111000100011
00001110011100101010000000100011
00001110111110011000001000100011
00001111011011111010010000100011
00001110111100101010011000100011
00001111100100011010100000100011
00001110001000011000101000100011
00001111110001110001110000100011
00001110010001101001111000100011
00010001011110001000000000100011
00010000111011100000001000100011
00010001101101100010010000100011
00010001111000000010011000100011
00010000111110011001100000100011
00010000010001100010101000100011
00010001101101111010110000100011
00010001010010001000111000100011
00010011101110010010000000100011
00010010001011110010001000100011
00010010001001111000010000100011
00010010010101001010011000100011
00010011101111100010100000100011
00010010001111001001101000100011
00010011101000001001110000100011
00010011011111010001111000100011
00010100101000110001000000100011
00010100110010000010001000100011
00010100101100000000010000100011
00010100101001011000011000100011
00010101010110101010100000100011
00010101010001101001101000100011
00010100101001011010110000100011
00010101111000000001111000100011
00010111111000100001000000100011
00010111111111101000001000100011
00010110000010001000010000100011
00010111100001011000011000100011
00010110110010001010100000100011
00010110111011111000101000100011
00010110101000011000110000100011
00010111000011101001111000100011
00011000100000001010000000100011
00011001111010001001001000100011
00011001111001101001010000100011
00011001100011110000011000100011
00011000011001001001100000100011
00011001101010000010101000100011
00011001000010010000110000100011
00011001010010110010111000100011
00011010000011011001000000100011
00011011101100110010001000100011
00011010000111011001010000100011
00011010001001011000011000100011
00011010011100001010100000100011
00011010000111001010101000100011
00011010000111101000110000100011
00011010000110110000111000100011
00011101101001001001000000100011
00011100010000011001001000100011
00011101111000101000010000100011
00011100000000111010011000100011
00011100011010111001100000100011
00011101001110011000101000100011
00011100010100101010110000100011
00011100011010010010111000100011
00011110000000011001000000100011
00011110110101011000001000100011
00011110100010000000010000100011
00011110111111101000011000100011
00011110001111100001100000100011
00011111111000101010101000100011
00011110010101111010110000100011
00011110111111000010111000100011
00100001001011010010000000100011
00100001100001111010001000100011
00100000010011110001010000100011
00100000011010111001011000100011
00100000110101001010100000100011
00100001101101000001101000100011
00100000111011101001110000100011
00100001100010110010111000100011
00100011100100001000000000100011
00100010010011010001001000100011
00100011001011010000010000100011
00100011000101011010011000100011
00100011010001001000100000100011
00100010010111000001101000100011
00100010011110010001110000100011
00100010101111101000111000100011
00100100010110011001000000100011
00100101011001011000001000100011
00100101001101010010010000100011
00100100100001110000011000100011
00100100000110010010100000100011
00100101101101110010101000100011
00100100101110101010110000100011
00100101010110010001111000100011
00100111110011101001000000100011
00100110101000101000001000100011
00100111100100000000010000100011
00100111100111001000011000100011
00100111101101111001100000100011
00100111111100110001101000100011
00100111101011010001110000100011
00100110100101101010111000100011
00101001000011111000000000100011
00101000011110001001001000100011
00101001100100110001010000100011
00101001011001111000011000100011
00101001011111110001100000100011
00101000011110001010101000100011
00101000110110000010110000100011
00101001111110110001111000100011
00101010010000101000000000100011
00101010110000010010001000100011
00101010000101100000010000100011
00101011100010100000011000100011
00101010111101010000100000100011
00101011100110101010101000100011
00101011010011101001110000100011
00101010000111111000111000100011
00101100110011110010000000100011
00101101111101100010001000100011
00101100110100111001010000100011
00101100000111001010011000100011
00101100000000001001100000100011
00101101100111010010101000100011
00101101101100110000110000100011
00101101111000001000111000100011
00101110000100111000000000100011
00101110000010101010001000100011
00101110110101001001010000100011
00101110100111101010011000100011
00101110001011000000100000100011
00101110001100110010101000100011
00101111110100001000110000100011
00101110011101011001111000100011
00110000100110010010000000100011
00110000100000000010001000100011
00110000000011010010010000100011
00110001000001100010011000100011
00110001111110001001100000100011
00110000101010100010101000100011
00110000001111100001110000100011
00110001001011011010111000100011
00110010010010111001000000100011
00110010101011100001001000100011
00110011100000111001010000100011
00110011001111110001011000100011
00110010001000110001100000100011
00110011001001000000101000100011
00110010010111100010110000100011
00110010111100011010111000100011
00110101010010001010000000100011
00110101010000111010001000100011
00110101010111011010010000100011
00110100001000000001011000100011
00110101001101010000100000100011
00110101101110010000101000100011
00110100001001011000110000100011
00110101110110011010111000100011
00110110111000000001000000100011
00110110000001011010001000100011
00110110110010101001010000100011
00110110000110001000011000100011
00110110010001101010100000100011
00110111110111011010101000100011
00110110110001100000110000100011
00110110101111000000111000100011
00111000011010110000000000100011
00111001101111110010001000100011
00111000011100100010010000100011
00111000100011001000011000100011
00111000110101100000100000100011
00111001100111110001101000100011
00111000010011111001110000100011
00111000010010001001111000100011
00111011011001101010000000100011
00111011101001001010001000100011
00111011001111111001010000100011
00111011111100100010011000100011
00111010010111000000100000100011
00111011011111100010101000100011
00111011101101000010110000100011
00111010000111100000111000100011
00111101111011011000000000100011
00111100000101001001001000100011
00111100011001101000010000100011
00111100000000010000011000100011
00111101001110100010100000100011
00111100111010100001101000100011
00111100011000000001110000100011
00111100010001010000111000100011
00111111100100000000000000100011
00111110111010110000001000100011
00111110100001000000010000100011
00111110100111001000011000100011
00111111101101010000100000100011
00111111000001001001101000100011
00111110000111001010110000100011
00111111100011101000111000100011
01000000100100100001000000100011
01000001101110100010001000100011
01000000111110110001010000100011
01000001001110001000011000100011
01000000111111101000100000100011
01000001000101010001101000100011
01000001010111000001110000100011
01000000100110010010111000100011
01000010111110000000000000100011
01000010010011010010001000100011
01000011100000001001010000100011
01000010000101110000011000100011
01000011110110111010100000100011
01000010101100100010101000100011
01000011101100100001110000100011
01000011000111101001111000100011
01000100010111010000000000100011
01000101100100101001001000100011
01000101011110100000010000100011
01000100001111111010011000100011
01000101101100010001100000100011
01000101011011011010101000100011
01000100001000110000110000100011
01000101111011110010111000100011
01000110010010101001000000100011
01000111011001101000001000100011
01000110001111111010010000100011
01000110110010101010011000100011
01000110111001100010100000100011
01000110011011100010101000100011
01000111001110110001110000100011
01000110000100100000111000100011
01001000100000101010000000100011
01001001001110011000001000100011
01001000000011001000010000100011
01001001110010100001011000100011
01001001110011000000100000100011
01001001111001011001101000100011
01001001101111011010110000100011
01001001011011110000111000100011
01001010011001001000000000100011
01001010100001001000001000100011
01001010101010000000010000100011
01001011110000010000011000100011
01001010000010101010100000100011
01001011110101111000101000100011
01001011100010110001110000100011
01001011000010001001111000100011
01001100100010001000000000100011
01001100011011100001001000100011
01001101110001011010010000100011
01001101001000000001011000100011
01001100110100000001100000100011
01001100011111100010101000100011
01001101101010000000110000100011
01001101110000110010111000100011
01001110110011000010000000100011
01001111111101101001001000100011
01001110001001101010010000100011
01001110101110101010011000100011
01001110010001000000100000100011
01001111111100011010101000100011
01001110110001110010110000100011
01001110000000011000111000100011
01010001111101000000000000100011
01010000001000001001001000100011
01010000000011010000010000100011
01010001111000101010011000100011
01010001111011110000100000100011
01010000110001000010101000100011
01010001010011110000110000100011
01010000011000010010111000100011
01010011000010101010000000100011
01010010101001110001001000100011
01010010000010100000010000100011
01010010001000001000011000100011
01010010001011110001100000100011
01010011000011110000101000100011
01010011111111111010110000100011
01010010011000010000111000100011
01010101111010000001000000100011
01010101001101110000001000100011
01010100101010101001010000100011
01010100010001011000011000100011
01010101101010111001100000100011
01010100001000100010101000100011
01010101100000111001110000100011
01010100100111001001111000100011
01010111100011001010000000100011
01010111100110001010001000100011
01010110000110111000010000100011
01010110001110111010011000100011
01010111111111000000100000100011
01010111101010111001101000100011
01010111001001110010110000100011
01010110101010011010111000100011
01011000011111000001000000100011
01011000010000100001001000100011
01011000011000010010010000100011
01011001010110011010011000100011
01011001100011001010100000100011
01011000110101000000101000100011
01011000100100110010110000100011
01011001000101101000111000100011
01011011100110011000000000100011
01011011001111111010001000100011
01011010000111011001010000100011
01011010010001010010011000100011
01011010110001011010100000100011
01011010111101100010101000100011
01011011010110110010110000100011
01011010101011001000111000100011
01011100001111101010000000100011
01011101101111110010001000100011
01011100111010001000010000100011
01011100101000010010011000100011
01011100010000010000100000100011
01011101000111010000101000100011
01011101110011000001110000100011
01011101011010001000111000100011
01011110001111110010000000100011
01011110001101010001001000100011
01011111001110100010010000100011
01011111100000101010011000100011
01011111000111011001100000100011
01011110111101000010101000100011
01011110101000100000110000100011
01011111011111001010111000100011
01100001101001100010000000100011
01100001010011101001001000100011
01100001101100000000010000100011
01100000010101000001011000100011
01100001011010000010100000100011
01100001110101000000101000100011
01100000011100101000110000100011
01100001010010010000111000100011
01100010101110010010000000100011
01100010111101010000001000100011
01100011001101101000010000100011
01100010010000100000011000100011
01100011000110101010100000100011
01100011001001100000101000100011
01100011110110011001110000100011
01100010000011111001111000100011
01100101011010000010000000100011
01100100100011111001001000100011
01100100100000001001010000100011
01100100100101111000011000100011
01100101101001010001100000100011
01100100111100111010101000100011
01100100000010111001110000100011
01100100110010100000111000100011
01100111100010001000000000100011
01100110111101101010001000100011
01100111010010011000010000100011
01100110010001111010011000100011
01100110001111000010100000100011
01100110000110101010101000100011
01100110011010001001110000100011
01100110100010110001111000100011
01101001110111001001000000100011
01101001010101100010001000100011
01101000101111101001010000100011
01101001110011001010011000100011
01101000011001101000100000100011
01101001111100000010101000100011
01101001100111000001110000100011
01101000001010110000111000100011
01101010011110011000000000100011
01101010110111000010001000100011
01101010001100010010010000100011
01101010011111100001011000100011
01101011010000010001100000100011
01101011101010101010101000100011
01101010001000001001110000100011
01101010011101010000111000100011
01101101111000101001000000100011
01101100101101111001001000100011
01101101110001110000010000100011
01101101000010101000011000100011
01101100100110101000100000100011
01101101010101110010101000100011
01101100110111010001110000100011
01101101011110100001111000100011
01101110101001011001000000100011
01101111010010101001001000100011
01101111101110010000010000100011
01101110000101001010011000100011
01101110110011001000100000100011
01101111000111111000101000100011
01101111001111011010110000100011
01101110001111000001111000100011
01110001000011111001000000100011
01110001111110001001001000100011
01110000010011011000010000100011
01110000001001011001011000100011
01110000100011110000100000100011
01110000010100100001101000100011
01110000100001111010110000100011
01110000100000011001111000100011
01110011000001011001000000100011
01110010110000000001001000100011
01110011001100100010010000100011
01110010100100010001011000100011
01110011111001110010100000100011
01110011010010111000101000100011
01110010101010100000110000100011
01110011110000010000111000100011
01110100110001111000000000100011
01110101011001000000001000100011
01110100100111001010010000100011
01110100011101111000011000100011
01110101111101010000100000100011
01110101101111011001101000100011
01110100101110101000110000100011
01110100001111001000111000100011
01110110110001110010000000100011
01110111100101111000001000100011
01110110100111111010010000100011
01110111101100001010011000100011
01110111101100011010100000100011
01110111010100000001101000100011
01110110110100110010110000100011
01110110001101110010111000100011
01111000110111111000000000100011
01111001111011100001001000100011
01111000001111000000010000100011
01111000000000011001011000100011
01111000000101000010100000100011
01111001110010001001101000100011
01111001100011110010110000100011
01111000100010111000111000100011
01111011100110101000000000100011
01111010111101010010001000100011
01111010000110011010010000100011
01111011001010010001011000100011
01111010010010011000100000100011
01111010100001101010101000100011
01111010011111111010110000100011
01111011000110101010111000100011
01111101000110101000000000100011
01111101111000000010001000100011
01111101110011100010010000100011
01111100101010001000011000100011
01111100000001111001100000100011
01111100110110110001101000100011
01111101111110010000110000100011
01111101101100001010111000100011
01111110010001011000000000100011
01111111001100101010001000100011
01111111001000001000010000100011
01111111011100110000011000100011
01111110111000011000100000100011
01111110010101011010101000100011
01111111000100110000110000100011
01111111101001110001111000100011
10000001010111100001000000100011
10000000110110000010001000100011
10000000010110100010010000100011
10000001000001111010011000100011
10000001011110101000100000100011
10000000101101100010101000100011
10000000100111111010110000100011
10000000010110011001111000100011
10000011011000011010000000100011
10000011010101111010001000100011
10000010010000110001010000100011
10000011110011111000011000100011
10000011110011110000100000100011
10000010100011111001101000100011
10000010111110000000110000100011
10000010010100010001111000100011
10000101101110110000000000100011
10000101000100000000001000100011
10000100100011101000010000100011
10000100100010000000011000100011
10000101110011111010100000100011
10000100110011011000101000100011
10000101010110111001110000100011
10000100100100100010111000100011
10000111011110000001000000100011
10000111111100010000001000100011
10000111000101110001010000100011
10000111100011001000011000100011
10000111101000101001100000100011
10000110111110011001101000100011
10000111101101100001110000100011
10000110100101110001111000100011
10001000010010010010000000100011
10001000100000110010001000100011
10001000110100110000010000100011
10001001101000100000011000100011
10001000001001111000100000100011
10001000101001010001101000100011
10001000110110100010110000100011
10001001000111011001111000100011
10001010100010001001000000100011
10001011101111011000001000100011
10001010000011110000010000100011
10001010101111000000011000100011
10001011101111010010100000100011
10001011111001011000101000100011
10001010011110010001110000100011
10001011011001010000111000100011
10001100010100010000000000100011
10001100100000101000001000100011
10001100001000001000010000100011
10001100100010011001011000100011
10001101100100101000100000100011
10001101110110000010101000100011
10001100101111000010110000100011
10001101101101011010111000100011
10001111000001101001000000100011
10001111100100011001001000100011
10001110111100100010010000100011
10001111010101110001011000100011
10001110101100011000100000100011
10001110010100000010101000100011
10001110001010111000110000100011
10001111110011110000111000100011
10010001011001110001000000100011
10010001111010001001001000100011
10010001011111010000010000100011
10010000000011001010011000100011
10010000101001111010100000100011
10010000111010110010101000100011
10010001101011010001110000100011
10010001001000101010111000100011
10010010101101001000000000100011
10010011011010111000001000100011
10010010001011011000010000100011
10010011010011110010011000100011
10010010101000100000100000100011
10010011110110001001101000100011
10010011000001011000110000100011
10010010110011000000111000100011
10010100100001100000000000100011
10010100011100000001001000100011
10010100110000100001010000100011
10010101000110000000011000100011
10010100010000110001100000100011
10010101010001010010101000100011
10010101010111001000110000100011
10010101000110000001111000100011
10010110101000100010000000100011
10010110010100111001001000100011
10010111101101100010010000100011
10010110100110101000011000100011
10010111011101010000100000100011
10010110000011110010101000100011
10010110100000110001110000100011
10010111001010010010111000100011
10011001001101111001000000100011
10011000101110011010001000100011
10011000110001001010010000100011
10011001001110000001011000100011
10011001000000110001100000100011
10011000111000100001101000100011
10011000001000001000110000100011
10011001001111111010111000100011
10011011000101000000000000100011
10011010011111010001001000100011
10011010010110100010010000100011
10011010011101010010011000100011
10011011000001010001100000100011
10011011000111001010101000100011
10011011110000100000110000100011
10011010001011110001111000100011
10011100010000000010000000100011
10011101101010100010001000100011
10011101010100100001010000100011
10011101110011101010011000100011
10011100100010100010100000100011
10011101100010111001101000100011
10011101011000001001110000100011
10011100011111010010111000100011
10011110101011101010000000100011
10011111001111000000001000100011
10011111101100001001010000100011
10011110011100010010011000100011
10011111101000010010100000100011
10011111100101011010101000100011
10011111011000101001110000100011
10011110110011111010111000100011
10100000001000010001000000100011
10100000110001100010001000100011
10100000101110110000010000100011
10100001110011000001011000100011
10100001000100010001100000100011
10100000111100111001101000100011
10100000100110011001110000100011
10100000111110000001111000100011
10100011110101100010000000100011
10100011111001001000001000100011
10100011101000111010010000100011
10100011101101001010011000100011
10100010111011000001100000100011
10100011111111100001101000100011
10100011110010010010110000100011
10100011000110000001111000100011
10100100101001010000000000100011
10100100101110111001001000100011
10100100010000000010010000100011
10100101110110111010011000100011
10100101010001111001100000100011
10100100100001101010101000100011
10100100111011100001110000100011
10100101100110001000111000100011
10100111100001110010000000100011
10100111100010101001001000100011
10100111110100111001010000100011
10100111101010111001011000100011
10100111001101100010100000100011
10100111011100000000101000100011
10100111011100111001110000100011
10100110011100000001111000100011
10101001100010111000000000100011
10101001111000001001001000100011
10101000101100101000010000100011
10101001010010010000011000100011
10101000111100001000100000100011
10101000110111101001101000100011
10101001110000100010110000100011
10101000101000010010111000100011
10101010101100101001000000100011
10101011110101010000001000100011
10101011111000110001010000100011
10101010001010111000011000100011
10101010101010010010100000100011
10101010001110010000101000100011
10101011011100100010110000100011
10101010010111011001111000100011
10101100011011001001000000100011
10101101010101001000001000100011
10101100011111110010010000100011
10101100111000100001011000100011
10101101000000010000100000100011
10101101001001100010101000100011
10101100100000001000110000100011
10101101010000110010111000100011
10101110001010001000000000100011
10101110101010101010001000100011
10101111100011110000010000100011
10101110101010111010011000100011
10101111010000101000100000100011
10101110010111010000101000100011
10101110110100100010110000100011
10101111001001111000111000100011
10110001011001110010000000100011
10110000001101011000001000100011
10110001101011111010010000100011
10110001111111000010011000100011
10110001110010100010100000100011
10110001101110011000101000100011
10110001000001010001110000100011
10110001110001000000111000100011
10110010010111010010000000100011
10110010000001001001001000100011
10110011101101100010010000100011
10110011001001000000011000100011
10110011011101111010100000100011
10110011110000010010101000100011
10110010010101110001110000100011
10110011000100000001111000100011
10110100110000010001000000100011
10110101011111011010001000100011
10110100011111011001010000100011
10110100010011110000011000100011
10110100001111101010100000100011
10110100001110111010101000100011
10110100011100110001110000100011
10110101011001001001111000100011
10110110001110110000000000100011
10110111110011101001001000100011
10110111101001111010010000100011
10110111001100100010011000100011
10110110000010111000100000100011
10110110111001100010101000100011
10110111001111101010110000100011
10110110101111100000111000100011
10111001110110000000000000100011
10111000110111111000001000100011
10111001000110111001010000100011
10111000011001100010011000100011
10111000101100010000100000100011
10111000000111101000101000100011
10111001110001011001110000100011
10111000101000110010111000100011
10111010010100000010000000100011
10111011000000101000001000100011
10111011101011011010010000100011
10111011000001011010011000100011
10111011110101100001100000100011
10111010010100001001101000100011
10111011101000001010110000100011
10111010011000001000111000100011
10111100110110010000000000100011
10111101011111000000001000100011
10111101100110011010010000100011
10111101100101011000011000100011
10111101100100010001100000100011
10111100010111100010101000100011
10111101001100010000110000100011
10111100011100111000111000100011
10111111011010011010000000100011
10111111010010100001001000100011
10111110111001011010010000100011
10111111110001100010011000100011
10111111101111010001100000100011
10111110100000010000101000100011
10111111111010101001110000100011
10111110011101101001111000100011
11000000111110110010000000100011
11000000001101010010001000100011
11000000100001101001010000100011
11000001111010010000011000100011
11000001110010111000100000100011
11000001101011100001101000100011
11000001000110101000110000100011
11000000101110011001111000100011
11000011110010011000000000100011
11000011101111111001001000100011
11000010100111010001010000100011
11000010110011000000011000100011
11000011001001000001100000100011
11000011111101110010101000100011
11000011111000110000110000100011
11000010011000000000111000100011
11000101101101011010000000100011
11000100110100010010001000100011
11000100000100111000010000100011
11000101010100111000011000100011
11000100110010110001100000100011
11000100001011110000101000100011
11000101011001101010110000100011
11000101100100001000111000100011
11000110001001101001000000100011
11000110100100100010001000100011
11000111101011000000010000100011
11000111001000110000011000100011
11000111010101000000100000100011
11000110001110101001101000100011
11000111000000100000110000100011
11000110110100101001111000100011
11001001011101001001000000100011
11001000110100001000001000100011
11001000000101011010010000100011
11001000100100010001011000100011
11001000011110110010100000100011
11001000101011000000101000100011
11001000110110110010110000100011
11001000001110100010111000100011
11001010001110110000000000100011
11001010011011101000001000100011
11001010000010001001010000100011
11001011101101110001011000100011
11001011011000001000100000100011
11001010000111110010101000100011
11001011011011000001110000100011
11001010111111100001111000100011
11001101101000100001000000100011
11001101100011101000001000100011
11001100001100100000010000100011
11001100011100111001011000100011
11001101101001001001100000100011
11001101011111011010101000100011
11001100010011011000110000100011
11001100100101110010111000100011
11001110011000111001000000100011
11001111111110011010001000100011
11001111101010111001010000100011
11001111100100100001011000100011
11001111100011111010100000100011
11001111011000100000101000100011
11001110111010011001110000100011
11001110110111101000111000100011
11010000101111000001000000100011
11010001001101001010001000100011
11010000111110100010010000100011
11010000000001011000011000100011
11010001111111001010100000100011
11010001011001000000101000100011
11010001100111101000110000100011
11010001111001101000111000100011
11010010000101000000000000100011
11010011011000010000001000100011
11010011100010000000010000100011
11010010110110101001011000100011
11010011111110011000100000100011
11010011110000110000101000100011
11010011001000010000110000100011
11010010110000011001111000100011
11010100110000110010000000100011
11010101000101011000001000100011
11010101101101010010010000100011
11010101110010001010011000100011
11010100000000100010100000100011
11010100011110000010101000100011
11010101101110100001110000100011
11010100100101010000111000100011
11010111101101000000000000100011
11010110000110001010001000100011
11010110100111110000010000100011
11010111101011101010011000100011
11010111001010000001100000100011
11010111101001101000101000100011
11010111000000011001110000100011
11010110010000101000111000100011
11011000111101101000000000100011
11011000101001000000001000100011
11011001101110110001010000100011
11011001111111001001011000100011
11011000110111110000100000100011
11011001100000110010101000100011
11011000110111011010110000100011
11011001011001111001111000100011
11011011001101011001000000100011
11011011000100110010001000100011
11011011111111100001010000100011
11011010111001100000011000100011
11011011100001010001100000100011
11011011111001110010101000100011
11011010111001111010110000100011
11011011101000011010111000100011
11011100100110010001000000100011
11011100011010010000001000100011
11011101111100111010010000100011
11011101000100001000011000100011
11011101001010000000100000100011
11011100111111100000101000100011
11011101110011111001110000100011
11011101110101011010111000100011
11011110001000001000000000100011
11011111101101010000001000100011
11011111011101000000010000100011
11011110010111011001011000100011
11011111000101001010100000100011
11011111101100100001101000100011
11011110000010010001110000100011
11011111000110111010111000100011
11100000000110000000000000100011
11100000010101111001001000100011
11100000001110011000010000100011
11100000001000000001011000100011
11100001101101110000100000100011
11100000101111010000101000100011
11100000010110111000110000100011
11100001100110010010111000100011
11100011000101001000000000100011
11100010011010001010001000100011
11100010011101100001010000100011
11100010100100100000011000100011
11100011101101100001100000100011
11100011010001011001101000100011
11100010010101010010110000100011
11100011111010000001111000100011
11100101100111101001000000100011
11100100011100000001001000100011
11100101110111100001010000100011
11100101101001111001011000100011
11100100101110101000100000100011
11100100000101110001101000100011
11100100010111110000110000100011
11100100110001110010111000100011
11100111011110101000000000100011
11100111110101111010001000100011
11100110101001101010010000100011
11100110101011000001011000100011
11100111011110010001100000100011
11100111111110011010101000100011
11100110100001100010110000100011
11100110111101111000111000100011
11101000100100011010000000100011
11101000100000010001001000100011
11101000001110100000010000100011
11101001111001001010011000100011
11101001010010111001100000100011
11101001011000110000101000100011
11101000000111100000110000100011
11101000001111011010111000100011
11101010100101111001000000100011
11101011011000110000001000100011
11101010101000110010010000100011
11101011100010101010011000100011
11101010100101101010100000100011
11101011011101100001101000100011
11101010110011011010110000100011
11101010000101010001111000100011
11101101101011010000000000100011
11101101010011101000001000100011
11101100101110101000010000100011
11101101101000001010011000100011
11101100011100000000100000100011
11101100101101011010101000100011
11101101110001110000110000100011
11101100011100011001111000100011
11101111000110011001000000100011
11101110100111000000001000100011
11101111011110000010010000100011
11101110011101010000011000100011
11101110000101010000100000100011
11101111001000011010101000100011
11101111000111100010110000100011
11101110000001101000111000100011
11110001000100111000000000100011
11110001001001101010001000100011
11110001100110101000010000100011
11110000001110010010011000100011
11110001011001010010100000100011
11110000110100000001101000100011
11110001100011001001110000100011
11110000011101100000111000100011
11110011001100110001000000100011
11110011000011110010001000100011
11110011000100111000010000100011
11110010010111010001011000100011
11110011111011010001100000100011
11110010001000110001101000100011
11110010100011111000110000100011
11110011110000100001111000100011
11110100000010001001000000100011
11110100000111010000001000100011
11110101011101100010010000100011
11110101010011111010011000100011
11110100110001001000100000100011
11110100000011111010101000100011
11110101011001100000110000100011
11110101001000010010111000100011
11110111100110011000000000100011
11110110101110011000001000100011
11110110000100100001010000100011
11110111110011111001011000100011
11110110000001100010100000100011
11110110000110110010101000100011
11110110001011001001110000100011
11110110110011111010111000100011
11111000111100110000000000100011
11111000111100001000001000100011
11111001011000010000010000100011
11111000010111001000011000100011
11111000110111000001100000100011
11111000101100111010101000100011
11111000011111100010110000100011
11111000111001000000111000100011
01101100000101101001111100000011
11100001101110001100101100000011
10011110000010101010111010000011
11110000000101000001110110000011
00110010000110100001001000000011
00011011010101010101110000000011
01100100111101101000000000000011
01110111110011110000010010000011
01011111111101010101111000000011
10001111111010001001110010000011
10010001101111110100110000000011
00010001001010101001101110000011
11001101101011111000111110000011
10110111001101101000111100000011
10010110111011111001111010000011
01110000010111001101100110000011
10110111100100111000111100000011
01010101111001000000100010000011
10000000001010001000110010000011
11110110010010010010001100000011
00101111111011101100001110000011
11110000101011010101011010000011
10010011001111111100000000000011
11011011110111000000100000000011
11000101110111100001001000000011
00000110000100110001000010000011
11100010111011010001100100000011
10000101001111111100101100000011
00110010000011110100100010000011
11100101011001101010010010000011
11111001000011000000011110000011
01100101101110110001011000000011
10011000011000011100001000000011
01111000001000101001000010000011
11111101111010111000011100000011
11100100001011110010110000000011
01100011011011100100000010000011
00110101010001010101011000000011
01111011111011110100110110000011
11011100001100010101000010000011
01011111100010111000011000000011
11101010110110100001111000000011
11111100010001100101111110000011
00011011010110011100011010000011
11110110111001000101100100000011
11011000110111101010010110000011
10101001110101111010001100000011
00010111101101001010101100000011
10110111111111000101111000000011
00011010100000000100101100000011
01101011111000111101000100000011
10110111000110101001010010000011
11111101100101101010100000000011
10100000111111110000000110000011
00001011010100100001110010000011
11000011010101110101111100000011
10100110101100011000101100000011
11001011010100111100011000000011
10000000010100000010001010000011
11010111111011110010111010000011
10010110111010000010010110000011
10100101010111001001011000000011
00111011010100111001111010000011
00101111000010101001011110000011
01010111001001101010000000000011
11011011010011010101100100000011
11100110001110100101111000000011
01000001001010100001111110000011
11111001010101000101011100000011
11100110010010001000001110000011
00010000110110001100110100000011
11010111001101111010100100000011
10110110010101001101110010000011
00000110100110001001001100000011
11100110101000010001110100000011
10111011111100111101110110000011
10011110001001000101101000000011
10101010001100100100100100000011
01110110001001000100000000000011
10011000111011001000110010000011
01001010000000001100000010000011
00111011100111110100111110000011
11100001010010101101001000000011
10111001100011100010111010000011
11101110110010101000001100000011
01010110001001010010101110000011
10000110101111010101010010000011
00010100001100011101011110000011
10100101010110111000111010000011
00101001101001001001011110000011
10101001010001001000110000000011
01100111110000110001111110000011
10100010110011101000011110000011
10101100111110111100101010000011
10111110111001101001101100000011
10000111111010101101101100000011
01111100000010111100000010000011
01110010111010010100101110000011
11010101010001111000111010000011
11111100000100110101000000000011
00000000000000000010111001101111
00000000000000000001110111101111
00000000000000000000000111101111
00000000000000000001100001101111
00000000000000000010110011101111
00000000000000000010101111101111
00000000000000000001010101101111
00000000000000000000110011101111
00000000000000000010100111101111
00000000000000000000011011101111
00000000010100101000111011100111
00000000000110000000101111100111
00000000010000100000001001100111
00000000001001011000010101100111
00000000000110011000110101100111
00000000000000111000000101100111
00000000000100101000001011100111
00000000001111000000101001100111
00000000000101001000101011100111
00000000001001001000011001100111
00000001110100111100000101100011
00000000011111010111000011100011
00000001110011000101000011100011
00000001011010110110000001100011
00000000010001001000000011100011
00000000100100111111000101100011
00000001100011011000000101100011
00000000000011100111000011100011
00000000011100010110000011100011
00000000100011100100000001100011
00000110010110101011000100010011
00000011110110000011010010110011
00000010111011101011111000110011
11011100001000111100010000010011
0100000010010110101011110010011
10011000110000101000011000110111
11100011000100100010101100100011
0000001000001011001111110010011
00000010100110100101010000110011
01000001011010000101101000110011
00000101011111101000111100110111
10000001010110010010001010010111
10110011111000111111011110010111
01010100001110111100111010010011
10101010110001011000101110010111
00100101011111110011011110010011
00000011100001101111111110110011
10101111011111001101000110010111
01001001001011111011010000010011
00000011000000110111101100110011
10010111111011111100111100110111
00000001001011000111100110110011
00000011001001000110001110110011
00000000110100100101101110110011
11011010111011000011101010010011
00001101011101111110001110110111
01000000110100011101000010110011
01000001110110001000111110110011
01111000000000000000100100100011
11111000011100110100011010010011
00000011101100111011011010110011
01010011110011111000001110100011
00000011111110010110000010110011
00001110111001010000001110010011
0000000011111011001011010010011
00101001011101000010111110100011
00000011110011000110111110110011
0000000110100111101111110010011
10001111111000000001000000100011
11111011110011011001101010100011
00000001001010011011101000110011
00000011111100010011000010110011
01000011010001011000101110010011
00000011111011101000110010110011
00010001110111010010101100100011
00100000110111001000110000100011
00000100000001011000000000100011
00000011110011110001000110110011
10100101101000000000110110100011
11101001110000011010000000100011
01000001100001111101001000110011
00100001110101010010001110100011
00000011111010101100000010110011
00111110001101010001110010100011
00000011101110101000101110010011
10111100110011111010011110100011
00000000100110101011110100110011
11100010010101000010010110010011
00000000111101000011000100110011
10101001010111111100001010110111
10100000100011011101010110110111
11110110000111001110000110010111
01000000111001111101111110110011
00000010100011101111010010110011
00000011111100100010010000110011
01000001010010101101010010110011
00000001000100100011010000110011
00111011010001101000000100010011
10110110110110110001110010100011
00000010110010100011111010110011
00011011100010110010100100010011
00110101001100110010001110100011
10011111010111011001100110100011
10110101010000101000010110100011
00000010011101000100110010110011
00101011001000111000100110100011
11011101011010010110001110010011
11110001111010011000111010110111
00000110100111010000011110100011
00000000101110011011010010110011
00000011010010001110110110110011
11111011001010100000000000010011
00000001010000000100010100110011
00101000100110000110110010110111
00000011111110101011011010110011
01001111010110000010101110100011
0000000111000111001100000010011
00000011001111101101101000110011
00000000100001001011011110110011
10001100010101101100010110010111
00000000110110001001011110110011
11100010011101001110001000110111
00011010110010100111100100010011
00000010000000101101011010110011
11001110011000100011110110010111
11001111111110100110101010010111
01000001010001011000101100110011
11110101111011011000010010100011
00110000000111001010110010010011
11100100011000101100000010010011
10111101101001010001111110100011
10001001100110011000000110100011
00111010110010100010100110100011
10010010111100101001001000100011
01110100110001000001110000100011
00000011100101000110000110110011
00000010010110110011101100110011
00000000001111010000000110110011
0000000100010000001010110010011
00011010110111000111101110110111
01001110110111001001110000100011
10011010111100011010000000010111
0000001101000110001100000010011
00000000001110010001011100110011
00000000100001001000011010110011
00000011101101111110111010110011
00000001010101100101101110110011
00000001010100011100010100110011
01111101111111100111011000110111
11101101111001110010001000010111
10001010111110000000010100100011
11011001011110001111001010110111
00000011110100010100101110110011
00000000100000100001011110110011
01011001000011011001101110100011
11001001000100011010101000010011
00000000100010000001111010110011
00011110011001000110110010010011
01100001000001110000010010100011
01000000010111001000111010110011
10000111011001100000100100100011
00011010011101110010111110100011
11001011111100001001110100100011
11011110001100111100010000010011
01000001110001010101100100110011
01010111010000010001010010100011
01111000000001101001001010100011
11100100001010110111100100110111
00011100100001100101111010010111
10101011011001110110110010010011
00111101101101011000000110100011
00000010111001000011000110110011
01101001111001101011011110010111
00110010000101101110001110110111
00000011110001011100000110110011
00000001110000101110101100110011
01000001111110110101101010110011
00000000010001001101011110110011
11100001100011011010101000100011
00000011000110010101000010110011
10110110010010100000011010100011
01000001001111001101010000110011
00000001110101101111010110110011
11001001000011101110001100010111
00001011111001100010001010100011
00011110010001001110101110110111
00000000110111000111000100110011
00000000110000111000111100110011
00000000000000011100011010110011
0000001011110101101010010010011
00111011010110100010101010100011
01101110101101110010001000100011
11100100000001010000101100100011
00000011001100010001011000110011
10111011001110111000110000010011
00101011111110001010000010010011
11011010001000100010001000100011
01110000011000101010000000100011
00110100010101100000101000010011
00000000100010101111010000110011
01010110100011101000110010100011
00000011111110100101010010110011
00000010111101001010101110110011
00000010011000100100110010110011
00000010110110100010011110110011
00000000110001110000000110110011
10000111101110011111101000010011
0000001000111100001101110010011
01000000111111110101100110110011
0000000110011111101010100010011
00000001110100011000100000110011
00000010000111010011010000110011
01011101101011111100010010010111
10001101001111010001111100100011
00000000101110101011101010110011
10010011000001101111000110110111
11101100010111111100000110010011
00000011000011001101110110110011
0000000000100000101110110010011
00000010000110010010000000110011
00000000001101110010000000110011
00000010111010010101100010110011
01101000111111110000110110010011
00000011001001111010010100110011
00000010100001011001100100110011
11001110001101100001011110100011
00000000001111000010101110110011
00111111100000011010100110100011
01110111101010010001101000100011
01000001010100000000110100110011
01101110110010111001001010100011
00111000110000101100000010010111
11110101010101110000111010100011
00000000001000110101001110110011
00101110101001010000000100010111
11101001000101000011111000110111
11001011101110101101100000110111
10110110010001111011011100010111
01110110101100110000011110010011
00000011000111101100011000110011
00000011100110111011010100110011
0000000110001100001100000010011
11101000111111000010001100100011
01001110001100000000011110100011
10110111011001101001111100100011
00000001100000111011011000110011
10000010011011000000001100100011
10001110110010010101100010110111
00000011111110101111000000110011
11111101111101011001001100100011
10100000100010000100000000010011
00101001011011000011000000010011
11001000100000100110100110010011
01010100111100001010010000100011
10010001001011111010001010100011
00000001110111100111011100110011
00110111010111110010011010100011
00000001111001011000000110110011
0100000111100011101000110010011
11110100101000100000001110100011
00000001000111011011001010110011
11110000010010000000001000100011
10111000101101010011111010110111
00000011010010000111101110110011
00000010100100111110110110110011
00100110010011110000001100110111
00111010010111000010010100100011
00000001001100100011110110110011
00000011111010001110010000110011
11000100101011001001110100100011
11111011110101100110011100010111
01011101101100101000001000100011
01000001100110011101001000110011
00111101101100001000110010010011
10100010101111110100001100010011
01101110011011111111001110010111
10000001000100001010001100100011
00000010000101001100010110110011
00000011111010010111101110110011
11000001111000101000011110010011
01000000001100000101110000110011
00000000111101111000100100110011
00000011100011011110000000110011
0000000100011110001111010010011
00000000010100000010001110110011
0100001101000011101101000010011
00000010101101100101100010110011
00000000001011000001000100110011
11111001011010011100100000110111
00000011000101101011000110110011
11100000111011100000100010010011
11010011101010011000010000100011
00100000111011011111100100110111
01000001010101111000011100110011
10010011000111110011000010010011
01000001011100010000100000100011
11110110101001111001010010100011
11111111110100110100101110010111
10000001000011010000111100100011
00000011110001110110001110110011
00000000111000011011001110110011
00000001001001011001011110110011
0100000010111010101100100010011
10101110001110101111000110010011
00000001011010010110000010110011
01111110110111011000101110100011
00000010001100101111000010110011
00000001000111000110100110110011
01000001101011011101001010110011
00000010100011101101100000110011
00000000101110011010000110110011
10001110101001101000101110010111
01110001101011001101000010110111
0000000000001000001101110010011
00000011111001011111100110110011
10101001010000100001100010100011
11111011100001000010001010010011
01001100110100110100010010010111
01011101101101101011111010010111
01011111010100111111011110010011
10111000110101010110011000010111
00000010111010011010000100110011
11000000111010110001011010100011
00010110000010111111011100010111
10101001000100010000110010100011
00000001001001100100101000110011
00000000010101000100000100110011
00000001001101110110000010110011
11001101100111010110110010010011
10001111100011000100001010010011
00000000110011011111100100110011
01101110111010100011000100010011
10010011000111010100111010010111
01010001111001001010010000100011
11011111110111110001101100010111
11000010011010011000000000010111
00000001011001001100100010110011
01000000000001000001111100100011
00000000111000100001100010110011
00000001000010010110100010110011
10011101101110111001101000100011
00010001001000111111110110110111
00000010010010010010010000110011
00000000001000110111010100110011
01100100001101011010010110100011
10010001000100001010101000010011
00011111111001100110001010010111
01000000011111011101101110110011
00000010111101011000000110110011
00000001111010000101100000110011
00000000001001011101110110110011
00000000100100110000010010110011
01100011111111010101001100010111
0000001001001101001010110010011
10000000010000101110000100110111
10000100001010100000000100100011
01100001011100010101011000010111
0000001110100111001100110010011
11110111010111100100010100010011
00110100011110101001001000010111
00000000000000000000110110110011
10000011110111011010111010100011
00000001000110010101111110110011
01101110101001010010100110100011
00111101000110100000100100010011
01100110100111000000011100100011
00000010010110110010010100110011
10001000100101101000001100110111
01111110011010100001101010100011
00000001110001101101110100110011
10101010100001010010100110010111
00001110011010100001101110100011
00000000100000101001100010110011
10000000001010011110100010010011
00000000001001111011000000110011
01100100100101101111001000010011
11111100010001110001100100100011
00101101010000001110011010110111
00110101001100101010010000100011
00000001111110000100010000110011
01100000100111100010101000100011
11110001110111011010001010010011
0000000111011100101001100010011
00000000110011000001100000110011
00000001110011010111100000110011
00000010000101100100011100110011
10001100101101100000110010010011
0000001101101101101111010010011
10000110110100100010010000010111
0000000100001011101100000010011
00000001101111011100110010110011
00001011000000010110101010010011
10111011011001101100100010010011
00000000101010110000010000110011
00000011011100000110000010110011
00000011111100101100111010110011
11011010010010110000001110010011
00000011011110100100000110110011
10111011000000100000000000100011
11011001001001001001001000100011
11100011100001110000000000100011
00011110010001110100001100010011
0000001100101010101101110010011
10111011000000110101010010010111
00000011000100101101001100110011
00000011111110111000001100110011
00000000101000100001010100110011
00011110000011011101111000110111
00000000000111100010101100110011
0100000000000001101110000010011
01110011000000000001011110100011
10110001000011101000100000100011
00000011000011101111011010110011
00110011110110100010011010100011
0000000110010001001001110010011
00000011101010110111110000110011
11001111001110011110010110010011
00000010011010101110111000110011
00000001001111001011110000110011
01000000111110000000110110110011
01000001111101110101100000110011
00001111010111100010011110010011
10000101011011001011100100010011
00000011010010100011101100110011
00100001101000000001001100100011
00000011000100001101100010110011
01000000101111110101000010110011
01011101000000010010111100100011
00000011111100001000111010110011
00000011101110110110001010110011
10010100000010100010000010010011
00000010110110111100000110110011
00000011101010101110111000110011
10110111111010010010011110100011
0100000110000111101100000010011
10011010100010011011101100010011
11011111111111010111110110010011
00100111101110010110001110010111
0100001010110101101100010010011
00000011001101011000011100110011
00000010000000101010110100110011
00011100101000101110010100010011
10000011101010000011100000010011
01000001000000110000110000110011
01011111101111011111101000010011
10011010100100010010011110100011
00000010000111001011010110110011
00000000101001101001110000110011
01101001100001100011011100110111
11010110101101110010000110100011
10000110101101110110000100010111
00110101001011010100101110010011
00000000110001111111100010110011
00000000000011001001010110110011
0000001010111001001000010010011
00000010110100101100111110110011
00000010001011101101111010110011
00000011000010111011010010110011
00000011111000011110101010110011
11000111001000100011101010010011
00000011001011111100010010110011
00000010100010000111101010110011
00000010000111101110011110110011
01111011111110110011011110010111
10011011110100100000101010010011
10010010010011101000111100010111
00000001111001110010000000110011
01000101111101000000110010100011
00000011111111101110101010110011
00000000111010100000101100110011
01011111111011101001110100110111
10111100001110010010100000100011
01000001101100011000111000110011
10101111100100000010010100100011
01000001100011000000100010110011
0000000111010011001010100010011
00110101011011010100101000010011
00000000100011000100110000110011
0000001101001110001010010010011
00101110001000101001110000100011
01100110010010111111110110010011
0000001001001111101000010010011
11000110001101111001110010100011
00000011110011011110000000110011
00000010000110101000011110110011
01101010111101110011001010010011
00000001100111100001110100110011
00000000000110000000111010110011
00000011011011001101000110110011
0100001000001110101001000010011
00000011000100011000000000110011
00000010111000110110111100110011
01010100100001001001011110100011
00000011010111010000101000110011
0100000001110010101100010010011
00100001010011011011101000010111
01101111110011011010000100010111
00000011101001101001101100110011
10000111011111110000010000010111
00000011111100100001001100110011
00110110000101001100011110010011
01100100010000000111001100010111
00000000100000010100010000110011
11010111001101011010110110100011
00001001000111000000011010110111
00000000111110111010001100110011
00000001110011000010010000110011
01000110000001110000011000100011
01100001000001111000111110010111
00000010010100111011011100110011
00000010101001101000000000110011
01110010101100001011011010010011
00000000011100010100100000110011
01110010000111011100110000010011
01000000011001110000000110110011
01111010110010101100100110010011
01100100001001111110001100010111
00010000100001010100000010010111
01110101100011011010101000100011
10000010011101111100010000010011
01110010100100110000100110100011
00000011110001110010010010110011
10000001100010101100110000010011
00000000111100011001010000110011
00001111111001010011111010010111
00000000001101100110100000110011
00000011111000001010100000110011
01100001101110100001000010100011
00000001000110001000001100110011
00000011111101100010101110010011
00000010111101111111001000110011
00010100110101000001111110110111
00000000001011001111111100110011
11110000011001010100111110110111
00000000011100100011111000110011
01000000011100011101010100110011
11000010110000101010001110100011
01100100100001101100000100010111
0100000001101001101010110010011
00000011111010111011010000110011
11110101100100110010110110100011
00000001111111101010000100110011
00000011111000010001101010110011
00000011001000001000000100110011
11011111001111111010000000100011
00000000010101101001101010110011
01111000111000101100110010010111
00101101000010000010111110100011
00000011110110011001011110110011
00000000001110010110010000110011
10101100100100010111010110110111
00000001101101110101111000110011
00000010011110110011100110110011
00000100011000000000100110110111
00000011011001111001100000110011
00000011000101010101011100110011
00001001000010100010110010100011
01000001010010011000100110110011
00000000111001101000100110110011
00000001011011111011000110110011
11110111000110101100110000110111
01011000100100101010111100100011
01011011101100011001010000010111
00000010001000010100100100110011
00000000000110011110101010110011
11000110101001111010001110110111
01111100010010001000101000100011
11010001100110001000101100010111
10001100011100000001101110100011
10100000110001111011100100010111
01000001100111011101010000110011
00110111101100011110100000010111
00000000100011010000010110110011
00000011010001011001010010110011
11000111000111111000000010010111
00000001001101011101111000110011
00000011100110110110101000110011
01011001011010001000000110010011
11011101001010111000000100010111
10111010101000010010001100100011
01011000011011100000010110100011
0000000110100010001001100010011
10111001000110111111001110010011
00000001000100001000111010110011
01000001100110101000101100110011
10000011111010111011100100010111
01011010110010001111011110010011
00000011000101000000111000110011
00000011101000000110100010110011
00100111000001100010100010100011
00000011100100111110111000110011
00000011010110110111000110110011
00000000011010010010011000110011
00000000011000010111010110110011
00111110010011101001111000110111
00110100101110110000011100010011
10100000101000000110101000110111
00000000100001010001101010110011
11000010011110101011010010010111
11110001100111011110110010010111
00000000011101001110110110110011
01010000110111000011111010110111
00000001000100001011100010110011
01111111110001110100011010110111
00000010100001111110111000110011
00000000010111100101110110110011
11001100001100010011110010010111
10110101010011010001011110100011
0000001001101001001000000010011
00000001110001010010100000110011
00000011100111110000111110110011
00000011100011100111000110110011
00000011001000100101100110110011
0000000011001010001010100010011
01100011111001000100011100010011
00000000010111101011111000110011
11000110111100001100111110110111
01001000011100010000000000100011
10101111111011100000111100100011
00000011011100101110010010110011
00011110010010011010011100110111
00000000111111011111001010110011
11010111101011101010101010010011
10010110000001100111100010010011
10101110111110111110001000010111
00111001100110011010110100100011
00000011110111100111001100110011
00000011111000101010101100110011
11001100100011000111000000010011
01100110111111011010011100010011
10101101101110101101101100110111
00000010111111110011000000110011
11100000110011011010000110100011
00000010000000011101010010110011
00000000111010111010000010110011
11101101010110100111110100110111
11100001100100101000100010100011
00001101101000111001000100100011
0000000011110011101001110010011
01001000011100100001100000100011
11001101111011100001010010100011
11110000100010100011111100110111
00000011100111001010010100110011
00110011100110001100011000010011
11000001111100101001010110100011
00010100101101110000001000110111
00000010001101001001010100110011
00101100000101101000100000100011
00000001100100011011110100110011
00000011101100111011100110010111
10101000110001010011000010110111
00000010100101010001111010110011
00000010110001110111110100110011
11110000110101001000010010100011
11100000100100011111011110110111
00000001000010001000001100110011
00000010111110110101101010110011
01010010100110001010100010010011
00000010010101010101001010110011
00000010001101001100101110110011
10110110001001110110110000110111
00000000111101110001101010110011
01010110011101001111011100010011
0100001000010000101011000010011
11110111110011110110010110010111
00000101000010110010100100010011
00000011110101000111111000110011
00000000011100100001100010110011
11000101011000101011001000010011
10100110111011011010000100010011
00000011110100001111010110110011
00000011101100010001100010110011
00000010000000001001110100110011
00000010101111010111100010110011
0000001110001010001000010010011
11111101001001001110010110010111
01010001110011110000000110010111
0000000010100111101001010010011
11100101100010011001101010110111
00000010110010100101011010110011
11110111111011000111101010010111
01111011100111011000011010010011
00111011001100001000100000100011
01000001001100001101011000110011
00000001101110001010010000110011
10010100110111111110001000010111
00000011110100110110101000110011
00000100010001110001100100010111
10100011000100101100001110010111
00000011101101110010000010110011
00000011011110011010101110110011
00000010111011001011100100110011
0000001001101100001011000010011
00000000101011000101011100110011
00000000110100011100001110110011
01000100001100110000100100100011
01011100011100100001111000100011
00000001010101110000010000110011
0000000010100001001100010010011
11111010100000100100111110010111
00000011001110101001101110110011
00010100000011100001111110100011
0000000100100001001001100010011
00000000001010001011001110110011
00000000111011000010101000110011
10101101000001000111001100010011
00000011010010111000100010110011
00000011001101011101000110110011
0000001100101101101000110010011
11011000001111010001100010100011
00001111111011110010011000110111
10001100101101110011110010010111
00111011111110010001111010100011
11100101100100010110001000010111
00000000111001111001101000110011
00000000000001100000111010110011
10000001011001011000110110010111
00100101011000110001111110110111
00000001001101000010111000110011
0100001110100101101100110010011
01000000000001000000101000110011
11010100111011101000000100100011
11010001110001001010100100100011
01111110111101111010000000100011
0100001011101100101000100010011
00000011010010101001010110110011
00000010111101001101000010110011
10100100100000011000010100010011
0000000010011011001110110010011
10001111110110010001001010100011
00000011111011111011010110110011
01111110001100100100000000010111
00010000111100110011110110110111
10001001111100001011101010110111
00100111100100100000001010010111
01001111010101001010010000100011
10100011001100010000011010100011
01101100010111100010000000100011
00000000011100100000101010110011
00000010111010001010100000110011
11011011001001111111011000010111
0000001011100111101011010010011
01000001010110010000111000110011
00000000111100011010010110110011
01000001110100110101001100110111
00000000000001101001001100110011
00000000010000011001100110110011
11110011011111010100011110110111
10000011010000110010111010100011
00000010001101010000110000110011
11010111111000011010100000100011
00000010111011111100111110110011
11101000001001000000101110010011
11001010100110010001000010100011
0000000101010001001001110010011
10100000010010010011100000010011
00000001010110111110001100110011
00000000100110110110011110110011
0100001001100111101100110010011
00000001010000111000001100110011
0000001001001001001101010010011
00000011100000001101100000110011
00000010101001011110011000110011
00000010100001110011000000110011
01111111100101100000100010010011
01010011000111101110110100010111
00100100011111111011110000010011
11100000100010001010001100100011
11001101011101011110010100110111
11010001001000011110010010110111
11111111000110011100000110110111
00000000110110011001101010110011
00000011100101010000011100110011
10011001110001001010001100100011
0000000001100010001001000010011
00000000100110010010111110110011
00000010000100110100111010110011
00000010000000010001101010110011
10010110011000011010001000100011
11110111001101000000111100100011
00000011111101110001100010110011
11001010110101111010100100010011
00010111111000000110110010010111
10100110010010111000101010010011
00010000100010110011001010010011
10101001100011001101000010010111
00000011100011110101111110110011
00000000001001011011000110110011
00000001110111111001000010100011
00000001010010001101000100110011
01100010100100010001000010100011
00000010011111000100101000110011
10011011101101101011110000010011
11001011011001100110100100010111
11011011111110001000000100010011
10000000101010100000110010100011
10111011100110011000000010100011
11011001100101000010000100100011
01000000110011010101111000110011
00000000011000011100010000110011
00000001100010111001100100110011
01000000100101110000001010110011
10011001011111110001010000010111
01111101001100001100101010010011
00001111110100010010001100100011
00101100011011111000011010010011
10110000011101100001010100010111
00111111100100011000111010010011
00000010101000000010000000110011
00000010110100001111011110110011
00010011010011111011010010010011
0100001010110001101000010010011
10011110000000101010110000100011
00000000001111000100100100110011
00000011111110011100011100110011
01000110100111100011010100010011
10011101011011111111000010010011
01000000001110101101010100110011
10010001111101110000010000110111
00000001000001000011010010110011
11010001101111010111011110110111
00000011110111110001111100110011
00110111110001101111110100010011
01100101111010001010100000100011
00000000101000100011010010110011
0000000000000011101001010010011
00000011001011001010010110110011
00000010000101010011011100110011
00000010000011100000011010110011
00101110010111001010101010010111
01011110001110110010100100100011
10011000110110010010111000100011
00110110111010010001101000110111
00000011110111100111101100110011
10001101101000101001010000100011
00000001010111110111010000110011
00000010100110001011110110110011
00011011111111111010001100100011
00000001011100111001010010110011
00000011010001110111100010110011
10011100011011011000001100010011
11101001001000101001110010100011
00000010001111010000000000110011
00000111011001000001011000100011
00000011100100001100101110110011
01011000010111100010111000010011
10001011001111000101100010110111
00000010000110101010001110110011
0000000101010010101010100010011
11011111000001000000010100100011
00100111110011001100110010010011
10010010111011011100000010010011
00000011010101111100011010110011
00100011100100011100110000010011
00000011011110010101101010110011
11011001000011001001010100110111
00000010010110000011111010110011
00000010001001110110110110110011
00000000110110110100100110110011
00000001011100110010101100110011
00110111111010100000101000010011
01000011010001000010111000100011
0000001111111101101000100010011
01010111000100011011010000110111
00000011111111100101101110110011
11001110001001111001000000100011
11011110110101001010000000100011
11101010001011001000011100110111
00000001100111010010000010110011
01100001001111110001011010100011
00000001100010010000001100110011
00001001110111011000110100100011
00000000100111001110001010110011
00000011101111011110001000110011
00000010111001100101111010110011
0000000010010111101110110010011
00000000101001110000001100110011
00000010100011010101010100110011
00000011011010000110001010110011
0000001110011111101100100010011
00000010111010111111010100110011
00000011000000001100011010110011
01101100000111011011100000010111
00000010001101111101101010110011
11101000101001011001011100100011
00000111010100100111011110110111
01000000101111110000100000110011
00011010001100111000010110100011
00000101010110110100110010010111
01001110011111100000100100100011
00000010110011100010101000110011
10110111110011101010101000100011
00000000011001001000101110110011
00000000000010011010010100110011
00000000101111000100111100110011
11110010100001010010011010100011
00000010010001000000110010110011
10111101011100100010100110100011
00000001110000110001110100110011
00000010110100111111000000110011
00010110110011100100111000110111
00000011111110011001000110110011
00000010001001010000001010110011
00000010011010010100001010110011
00000000011001111100010010110011
00000001011011011010001100110011
10100011111010001111011000010011
00000010001111000011011100110011
00000010101101011000100100110011
00000010111010010101110010110011
01000000110101101000111000110011
11001011001011100100011010010111
11101110010010011111101000110111
0000001110110000101011000010011
00101101111111010001011000010111
01101100011110000010101100100011
0000000000011010001011110010011
11101101000011000010000010110111
11001111010101011000001000100011
11001110001110110000111110100011
00000010100111000001010100110011
00000010101110101101101100110011
00000010100100101110101010110011
0100001101010110101110010010011
0000000000010100101110000010011
11110110000101010010001000100011
11001111010001101001010000010111
00000010111101010101110100110011
00100001111100100010010000100011
00000000100001110011010010110011
0100001110111100101110100010011
10000011101111101000011010100011
0100000001001110101011100010011
00000001101011101010010110110111
00000011101101101111010110110011
00000000111101010111100000110011
00000010010010011001100010110011
11110100011111100000101100100011
11000000100000001001001010100011
0000001111100110001100010010011
00000000101001100101000110110011
00000000111110101001111000110011
00101111101111111110010100010111
00000000101000010100010110110011
11010010110010100001110010010111
01100111111000001001000110100011
00000001001011011101000010110011
10011000000111111000000010010011
00000011100111011010100010110011
00000011011111100100011000110011
00000001010110010000110110110011
11100101001011101110101010110111
00001000000110101011001010010011
01100111100000110001110100100011
10100110100010011001100110010111
00000001000101100001101100110011
01000000001000111101100110110011
01111001001110111001111100100011
11000000011111110011100010010011
01111011010000000111011110010111
00101010000101111010001110010011
00000001011101101111011100110011
0000001001100001001010010010011
0000000001011100101000010010011
10111111000010011010101100100011
00000011101100100100111000110011
11110000111100110001000100100011
00000000110110101111011010110011
10101111110111110010011000100011
00000010011010111000111110110011
00000011100110000010101000110011
11010010101000111110100000110111
01000110110100010100101010110111
01110110000011110100001000010011
00000001101111011100001100110011
11000011110010100111011000110111
00000011100010110001100110110011
00111011100110010011000000010011
00000011100101101000001110100011
10001111111000010111010110110111
10100100011100111110101010110111
00110110100111001000100010100011
01000111000000010010010110100011
01101000111000001010101010110111
00000000110011110101011100110011
10100010101001011010101000010011
01100011000101111111011100010011
00000000111101001100000100110011
00000001111110111011100110110011
10101010101100110010001100010111
00100101101111101100011000110111
11000101101011010000010100100011
00000000100010101100110100110011
11011010000110111011101110010011
01100101011010011010110010100011
00000001101010100011110110110011
00000000101111110111101110110011
00010010010001110000110100110111
10111011011000000101101100110111
00000000011101101010111010110011
01101000111101110011110010010011
01110001101000111011100100110111
00000000010110000011111010110011
00000000010100001100111010110011
00000000010011000011011000110011
00000011011110011100110100110011
00000010111100100100001110110011
11001111001110100000000010010011
01000001001110111101100110110011
00000010001011000111001000110011
00000011111011110111001000110011
11011010100011101111000100110111
11011101010110000010010110010111
00000000010000110001111010110011
00000010010001011101011110110011
00000000001000111011111010110011
00000001111000110100110000110111
01000001100111111111001100010011
01001011001000110110011110010011
00000011010100100110101110110011
00000010100010010010001100110011
11010000000100000011010000010011
00000011111000010100111000110011
00000001100101100100011000110011
01010001011110001001000000110111
11011101010010101100001110010011
01000000001001001000101000110011
00000010011001010110000110110011
00000001110010011001001100110011
00000010101000000110110100110011
00000000000101111101001110110011
10010111111001000001001110100011
00000000101100100101111100110011
01011010110001010010011000010011
00000010011100111100100010110011
01000110101111100011001010010011
10000110010100010010010110100011
10101000010100001010100000010011
00000011010011110100100010110011
00000011011101011000001110110011
11001011010010000000011110010111
0100000100000111101101010010011
00000001110110010101111010110011
00000011110011001111101000110011
10010010100010011000010110100011
00000001000100101010100010110011
00000010000000010100111000110011
00000010101010010001011110110011
0100001101111100101000110010011
01000001001100101000110000110011
10001111010101111110110000010111
00010010010011001000100100100011
10100111000101100111100010010011
11011111100101011011000110010011
0100000100011101101111110010011
00000000010000000010111000110011
01110111000011100010000010010011
10110010110101101010111110110111
00000010010011101011111110110011
01100100110011001111111100110111
00000010011110110000100000110011
0000001010111001101111000010011
10110010010000110010110000100011
00000000010101010101101010110011
01101010011011111000010010100011
00000010001110110001001000110011
10101010101111110110001110010111
11000110000111000111011100110111
0000000011001111001001010010011
00000000100010011101111000110011
10101101000000000001110110110111
00000010010110011111110010110011
11100001100110110001100110100011
11100100100000111011111110010011
01000001111100011101011100110011
00000011000101001011001000110011
10000010000011011111001000010111
00000011000110110101110010110011
00000001000010110011011110110011
10110011001011010110000010010011
01101011110010001001000010010111
00000001101101001100100100110011
00000011110111100101111100110011
00000011110001011000010000110011
00000011100111000010001000110011
0000001100011100101011010010011
10111110001011001010011000010011
00000011001101000010100000110011
01110110100110111101010010110111
10010000111011110001110110100011
00000001101010011100111100110011
01001001111011001100000000010111
00000011100010111110101100110011
01000001010101011101000000110011
00010011011011010110000100010111
00110110010101101100000100110111
11110000100111001111000100110111
10110110100100010000101110010111
0100000000100011101011000010011
11011000111101001111000000010011
00000011110010001010001000110011
10000011101101001110110010010011
00000010111100000010111010110011
00000001101001010001100010110011
00001110001111001011111000110111
11000001000100001100111000010111
0000000111000100101011110010011
00000000110000010001011000110011
00000011010001001111111100110011
01111011101100101001001110100011
00100001000110111011100100010011
00000001011100100001000110110011
11010111001000011100010010010111
00000000111110100000100110110011
10010011000101100001011110100011
10111010111100101000101000100011
10001110100111010110110100010011
00000000101100111001111000110011
10110101010011000100001000010011
00000010100111010110000000110011
00000001100000001011001010110011
00111011101101001010101110100011
00000001000000011101000100110011
00000011110110010010111110110011
0000000001000001101011100010011
00000011011101111000111110110011
10001110011100111000110100010011
01000001101010110101011010110011
01000100000001100110101110010011
10110110101011001011010000010111
00000001011001010010100000110011
00111111100011011010101000100011
00000011000101001100101010110011
01110111001011000010001110100011
00000000010100110100010000110011
00000000110010100001011000110011
10101110011111000001010000010111
00000001001110010011110010110011
00000011110001011101101110110011
01101101011010001000111010100011
00000000100100100111100100110011
01111101010101001000001100010011
01111111011110010001011010100011
10010110011111100000000110100011
11100101011101000010111110100011
00000010100011001000110100110011
10110101011000100000100010100011
00000000100101101010101100110011
00000011110100011010111100110011
00111101000100001000011010100011
00000011110010010100010100110011
11001111010101000000011010100011
00000011001001100100000110110011
00000000011101110011000000110011
01101110001111100001111010100011
11101110000101011010000000010011
01000101001100001101010010110111
01111010101000111010010100100011
10100100000111010010001100100011
01100011111000011001001010010111
11101100001011000010001000100011
00000000010100111001011010110011
01100000101001001111111100110111
0100000101111100101010100010011
01000001101100100101011010110011
01100000100110110000111100110111
01011111101100000010011000100011
00000001000111101111011010110011
0000000110000110101100110010011
00000000011011110111100000110011
00000010100111010011010000110011
00000001000010000010001100110011
00010010111111110010110010100011
11001110010010011001010010100011
00000011010010001100001000110011
00000011111000100101010010110011
00010111001111001100010000110111
00000011100110101111001000110011
11110101100001100001000000100011
10111011000110100010010000110111
00000000100010100101001100110011
11100100100110111001001000100011
10100111000000100111011000010011
00000011010100101010110100110011
00110100110101110111010100010011
00001001000111001011101110010011
10011000010111001100100110010011
00000010110111101110110100110011
00001101111000001001110000100011
10000001011111001100010100010011
00000010001011010100101010110011
00000011011100100010110000110011
00000000101011010011110110110011
00000011111110011011011100110011
00000000101101100010001100110011
00000011001010000100101100110011
0000001111110110001010100010011
00000010111111010100001010110011
01001101000011000010111010010011
00000001111100111010010100110011
00001010011101011011010110010011
01100000000011011010011110110111
00101001011110000100100100010111
00000001000100011000011110110011
11001010101001011100010010010011
01001111101011000001101010100011
01100111111011011000000000010011
0000001101111010001101000010011
10001101101000100010100110010011
0100001000001101101001100010011
11010110011111010111000000010011
00000001110001110001101010110011
01000001100111110111010010010011
10011111001011111010110010110111
00010101100111111000101110010011
0000001011101010001111110010011
00000010111011111101101010110011
00000010000000101110000100110011
10001100110100010001100000100011
10011100100111001010011100010011
0000000101111111101011010010011
00000011111100011101001000110011
00000001100011000010001010110011
0000001010101110101011100010011
00000001010010011100111110110011
00000011000100111011100000110011
00110111000010001001110100010111
00000011100111010111010000110011
0000000101001010001100100010011
00101001011100000000010000010011
00111111110001000001100000100011
00101011000011011100110000010011
10001010001110100010100010010011
00010001010001100010010000100011
00000110011110110010111110010011
01100111010110101100110010110111
00000000100110011110100110110011
00000011110110100011101110110011
11100000011011001000101110010011
0100001010111101101011100010011
00000001000011001011010100110011
00000000010101110011111100110011
00010110000101001110110110010111
10111111100111111010101110100011
00111100000100101000010010010011
11010011001000000011111110010111
00100111010110101101001110110111
00000010100111010100100000110011
10101000000111101010010100110111
11001000111111001010011100100011
10011100111101001110010110110111
11000000010000100100010100010111
10101010101110110011010000010011
11000001110001110010001010110111
00011101100100101000010000100011
00000010010110010100010010110011
0100001111111010101011010010011
10111111110001000011100010010111
00000011010100100001110100110011
01000110000100011001010110100011
00000000110001100101010110110011
11100111101111010110101110010111
00000010001110100010001100110011
10101101001111001001010100100011
00000001001000001110001000110011
00101000110100001111111010110111
00000010011010001101111010110011
10000111010101011111011000010011
00000011011110111001101010110011
01111110001110100010111010100011
11111111111011001110101110110111
10100010111110111000001000010111
11111110100001011011101010110111
10101110110111101010101000110111
00001010000100101100111110110111
00000011000001100100111100110011
00000011001110010011001010110011
10010000000001010010000100100011
01011101110101111100000010010111
00000001100011100110101000110011
01100111111110100111100000110111
11111111100101101111111100010111
00101111110101001110001000010111
0100000011010110101000100010011
11010001101011001000100100100011
10011110111010110010111010010011
00000010011010111001000100110011
00000000000110010000011000110011
00000001001100101100010110110011
00001101110101000101011000010111
01001100111000100000101100100011
01011000000011001011010100010111
00000010111000011111001010110011
00110111100100101010110010100011
00000011011011000010111110010011
00101110111100011011100110010011
0000001101100001101100110010011
00000001010100110001011000110011
00000001100001001110101100110011
00111110000010000000000000100011
10000010110110101010000100100011
0000001111000111001011000010011
01001011111011001000010000010011
01000001001011010000000100110011
0000001001101000001101010010011
11011100000111111100100100110111
00000010010101010110100000110011
00000001101010010011000100110011
00000000001110100010100000110011
00000010000000010011000010110011
00010000000110101110000100010111
00000011000011001111011010110011
00010100010110111100011110010011
00001001110011011011101000110111
01000001110010100101000000110011
01101111001011010000011010100011
00000010100110111010111110110011
00001010100001011010011100010111
00100000000100010001110000100011
0000001010010110001100100010011
01111001010110101110110010010011
00000011100001000001011100110011
10101001100111010011101010110111
01110001010101110001000000100011
00001001001000010000110000010011
00000010110001010100110010110011
01111110011111001010110000110111
00000010111111001100110110110011
11100000001011110001010010100011
10101010110001111010101010110111
00000010100111001110100110110011
10011111101101110000101110010011
00000010000000101111011100110011
10001011001100001110000010010011
00000010011100110000110110110011
00000000001001011111001010110011
11111100100110000001011110110111
00000000101011110111011100110011
11001011101110110000000000100011
00000011011011001111100000110011
01000000001001000000111110110011
00000001001011001011001100110011
01111000001010001110011010010011
00000000110010011000010000110011
00000011101001011011001000110011
00000010110010010100010000110011
00000001101111011000111010110011
00000010000001000100001100110011
0000000000000000001010010010011
00000011010001100010000110110011
00110111110111101111101000010011
00000001010011100101001110110011
00000001010100111101011010110011
10111011100001001101010100010111
01000001111101010000111000110011
01111100110001100101010110110111
0000001011100110101010000010011
00000011010001100101001010110011
01000001110011010000110010110011
00000001011111011101100010110011
00000001000001111110011100110011
00110111000000011100001100010011
00000000101001100111000100110011
00000010110000001011000000110011
10101000100010101100010010010111
00000010001001111000101100110011
00111110111100000001111100110111
00000010101000111111111010110011
00000000001011010011110100110011
00111001000011000000110100100011
00000011110001001111100110110011
00110100110101101010010110010011
10110110001011011000100110100011
00000001000011001010101010110011
11100100010010011111111010110111
00101011010000111101010110010111
00000011101000011001001000110011
00000000001011011010110000110011
11010011111010000011001010110111
11100110111000110011010100010111
00000001101000001100101000110011
11011111001001111010101100100011
00000001101101110001101000110011
00000010100101111100011000110011
01011010001001101000001010100011
11100111010001111000111110100011
01000001011010101101110010110011
0000001100111100001110100010011
00010001001111111001010000010111
11100110101100100001101000100011
01011100111101111101010000010111
00000000010011100100110010110011
11011111101000111011100000010011
0000000011011000001110010010011
00000000010010000111000000110011
00101011001011101010011100010111
00100001011111100011111110010011
00111010010100010111110000010011
11100101100111101011000100110111
10001101001000111010011000010111
01000001001000011101001000110011
00010101100101111001110000100011
10100000101110000100010100110111
00000000101001010100111010110011
11101110000001010000101000010111
11100110011100111100010100010011
11000000010010011000110110100011
00000011110001010001010110110011
00000000001010110101001110110011
10000010100111010001111010100011
10011101111111110111100110110111
00000010100001010100011110110011
00101111001000100000111010100011
0000001010111010001010110010011
01110011111111100000100110010011
11101111011110000011100010010111
00000001111111001011100110110011
10000110010110100010100010100011
00001011100010001000000100100011
01111000010001111001010000010111
01110011111011111001001110100011
11011111011011011100010010110111
00000001111100011110101010110011
11101111100110010110000000010011
00000000100110101111110010110011
00000000111110001000101010110011
00011100101110010111110010010111
11100000111101111011110110110111
01000110110010110001110100100011
00100111011111111010110110010011
00000001110100010110111010110011
01110100001101100000011010100011
00000001000110100100011010110011
00000001001101101011100000110011
00000000010000111001010110110011
00000011111000011010100100110011
10001000010110001111111100010011
10100001010101100000110010010011
00000011011101111101010000110011
11000010010101010011010110010111
00000001001011011000100100110011
10100111011101010001000010100011
10101011011100100000010100100011
00000011010111111110000100110011
10110001000110010011100000010011
00101000110110101001001000110111
00010010001101010011110000010011
00000011001110110010111110110011
01001000100000001010001110010011
00000000011011001001000100110011
0000000110000111001101100010011
11100100010010110101111100110111
00000010001100101000010100110011
0100001011100110101011100010011
00000011110111110001110100100011
01001100100001010111010000010011
01010000000000000010110110010011
01001110001000010101011010110111
11010100100010100000010010110111
00110010101000011101101010010111
10011100001110010110011000010111
00000001111011110100100010110011
01011001110100000101000000110111
10100100011011110110001010110111
10111010000001010010011010100011
00000011001101011100010000110011
10110110011100100010101110100011
0100000111010000101101110010011
00000000010101011011010000110011
00000011000010101010101010110011
11110110100100000010111010010111
00000001001001011000111100110011
01011110111000111111100000110111
10010111011000011001001100100011
01110001100110100000011000010011
11001001101010110011100110010011
00000000000101110100010000110011
11010011100110000000101010100011
00000011101100010000000010110011
10001111101110111000111000100011
00000011001100010110000110110011
00000010000000011000111100110011
00000011101011011110011100110011
01000001010011101000011100110011
00000000101011010111100100110011
00000001000000010000111000110011
00000001001001000000000100110011
01110000110101010011001100010011
11111001001111011000010010010011
00101010010111110000111010110111
01111101111101100000011010010011
01101101111100100010000110010011
00101110011111011010111110100011
0000001001111001001110100010011
00000000001000100111011010110011
01100001010011001000000110110111
11000010111111101001110100100011
10011001001100110010100010010011
01101101110001111011100110010011
00000110011011101111000100010111
01000001100001101000011110110011
11101010110100010101111000110111
00000011101110011011111100110011
00000000100000100111001010110011
01000101011101010000001100010011
01011000010101100001011010100011
01001010111111111000111100010011
01000001111010011000010000110011
00011010011101110100000000110111
10110101010010110000101000100011
0000001000011001101110000010011
10101001001101011111100100010011
10110011010101001100111000110111
11001110011101000001111000100011
0100000100011010101001000010011
00011010001011111001010000100011
00000001001100101001011110110011
01011000001000001001001000010111
00000001000111010011011110110011
11001010001100001010001000100011
10101000111110100111100110110111
00101100101001100011111000010011
0000001000001010101000100010011
00000001010011111111011010110011
10010110110010100011001010110111
00000000111010110011101000110011
01001111000010001000100000010011
00000010100001110100100010110011
10100011001110100001011000100011
01001010100110111011000010010011
11010000010010110000011000100011
10000000001110100001100110110111
01111011011001011000101100010011
01101111111110010001101010100011
11111010100010110000110000010111
11111001001111110001111000110111
11010011101000110000011000100011
10001100011111110000111010100011
11101100101100110110110100010111
00101000100000001000101010010111
01111100010111001001011010100011
00011100001001100010001010100011
10101001110000101001111100100011
00000001011110111110111110110011
10110000010010100111000110010111
11011101110100011010010100100011
0100000110011000101000100010011
00000001111011010111101010110011
00000011001100101000011110110011
11100000000111000111110110010011
00000010000110111000110010110011
11101011110011101111001110010111
00000001011011001001110100110011
00001000011000101000000110100011
10010011010101010001101010100011
01100100001100110111001010010011
10101100101101001000101010100011
01000001001110001101101010110011
11010110000100001011110110010011
01110010001011000000010110100011
00000011010010010000011000110011
0000001011111000001010110010011
11111110000001010000101110100011
01010010110101111000111000100011
00000011001100101000110000110011
00100111001101001000110110010111
00000010001001100110111100110011
00000000110001110010111010110011
11000101011100110000011110110111
00000001010101100010111110110011
00000010011000000100001010110011
01111111110110111101001100110111
00000010111101100110100110110011
00000001101001111011001010110011
00001101100000000111010000110111
11001010100100110010010110010011
00000010011011100110111110110011
0100000111100010101101010010011
00000000000010101110111000110011
01000100100100010001001010100011
00000001011001011000001000110011
00000001000110100011001000110011
00000011010100011110100000110011
11000010000000000001001110100011
10101010100100100001001100100011
10111111100100100111101110010011
11110100010001101010101100100011
00000010011111010110001010110011
10110000101010000010111000100011
01000000111111000000101000110011
01001001011100110111110100010011
01010001101010111110100010010111
11101100001010110010110110010111
01011011011110000001101010110111
00000001010101000011110010110011
00000001011101001011000110110011
10010101010000101100000000010011
00000010010010000011101000110011
11010110110001001011011000010111
01000000110101001000101100110011
10100000001001111100001110010111
00000011111111100001011110110011
00000011001101010001101000110011
00000010110110011110000010110011
10000001111100111001001110110111
00001100000111111001101010100011
10110001001100010000011010100011
11110010111100001011101000010011
11110101100111110100000010010011
00000010001011111000110000110011
11110011100111110110000000010011
10000010100001011000101100100011
00000001001000111010100010110011
01000011010010000001001010100011
01101010010100100110110000010011
00000010101110100111100110110011
00000110101000011000001110100011
00000000101111110100010010110011
10100110110100000111010100010111
01111110011101101011010010110111
00000010100011000111101000110011
00000000001110011001100000110011
11001000011011001110101000010111
00000001000101101011000100110011
10001100100011010001011110100011
10000111100010101010111100100011
00000010011010010100100100110011
11000010010101110000110100100011
01000000010010011101011000110011
00010000111101111010010110010011
10000001100011010011110100010111
11101000000101101111100010010111
10000010110110111001000110100011
11110100000110111001001010110111
00000011010111111001000110110011
10001101100010011010100000110111
00011001110011001100101110010011
0000001010010001001011000010011
00000010111111110101001100110011
00011101110000010101001000110111
00000010000001110110001000110011
00000001111001110101111100110011
01011111111111111110101010010111
00000000001000100101011100110011
00000011010010010001001100110011
00001110101100000110101100010011
01010110000010110010011100110111
00110100111110100100011000010011
0000001010001110001001100010011
01000001111100000101000100110011
00000010001111110111111000110011
01100011100011010001101010100011
01110111100000100000110110100011
01101000111000100000011010100011
00000001001111001101011100110011
11101001101000101001111100110111
00000010101111000111010100110011
0000001010001011101100000010011
01000001000000111101010000110011
00101000010110100001001010100011
0100001001001011101011100010011
10111001111110101010001110100011
11010000100111100010000010100011
10101101111110010000100010010111
00000001101100011101010000110011
00000010101001100001110000110011
10010001101101000010011110100011
00000011001111101111000110110011
00000001000011011000001000110011
00000001110000011000010000110011
10111101011100011000111010100011
00000001011101111010011010110011
10001101101011001010000000100011
01001000000010010001100000100011
11001011110111000000100000110111
00000010111010011110111100110011
00000011011011001010011000110011
00000011101001110010001010110011
00000000011101011000110010110011
11001111100101000000000000100011
00000010100000110101010010110011
00000001010110001001000110110011
00110010101000010000111100110111
10001110111110100000110100100011
01000011000100011110011000010111
00000011000000001011010110110011
00000010111011100111101110110011
00100001010100101111001110010111
01001010000000110011010000010011
10100101111111111111000010110111
00000001111000111011100110110011
00000010110011100011010010110011
01000000100010001000101000110011
11111010011111001010110000010011
00000000111110000101111110110011
00000010000001111010111100100011
00000010110110011000000100110011
10010010000001011111000100010111
01011000010010100000000110100011
00110100111011101010010110100011
00000010011111011011111010110011
00000100001011011011111100010111
0100000000100011101110110010011
00000100101011010001100100100011
00000000001110001000111100110011
11101101101011111001100010010111
01011010101000101010110110010011
11100111101111000001001010100011
11101011111011100110010010010111
01101000101111010000011110010111
00000011001111011110001100110011
10110110010001110101000110010111
00000001110011101100101110110011
0000000011101110001011000010011
01100010001001001001011010110111
01000001111101100101010100110011
00000010010011110011001110110011
10010100101011011100000110010111
00000001001011010100011110110011
00111111001111011100011010010011
10011110110000000010100010010011
00000011111110101011111110110011
10000000111000010010000100100011
00000011000101011110111010110011
00000010011000000001111110110011
11111110101101011111010000010111
00111100110101110111101100110111
11000100001010010011000100010011
00000001011000110101100110110011
01001000110110011100011000010011
00101000101111100011100100010111
01000000110111000000010010110011
01000001000110100101101010110011
10000110001111110000011000010011
10110111011000001000100100010111
00000010111000101011001000110011
01000000100101110101110000110011
00000000010011000011010110110011
00000010001110110100111010110011
11100100100100000000101110100011
00101100010011111111010000010011
00000011000000111110000100110011
01100110000010011010111010100011
00000010110110011100110000110011
11101000011101011010010100010011
00101110000101101110000110010111
11100000101101001010111010110111
10111101001111010000000110100011
00000010010010010011001000110011
10011110110000110110011110010011
00000011101000111111101010110011
0000000100100000001101000010011
11011111001001001001011100100011
00000001001110010000111110110011
0100000000100111101011100010011
00000000000001010011101100110011
00000010111011101001100000110011
10100000101111100001111100100011
11111010110001010111111110110111
0100001001111101101110010010011
00010010110110100100101110010011
10011010101101000000001100100011
00000010100111100010100110110011
00000011000011010011011010110011
00011111111000111011001000010111
00000000110110010101111110110011
00000001110111111110111110110011
00000000101111011100011110110011
01111001011111000001100110100011
00000010100011111011110000110011
01000010110100101001010110100011
10110001100001011001010010100011
10101011111001001000110110010111
00000000110010100111100110110011
00100110111111010000011100010011
00101000001010000001110110100011
11100001011101100101110000110111
00010101010110101001111010110111
00000010100110100000000010010011
10100000011110100001101010110111
00000011111110111100011100110011
10100010111101110110111110010111
00011101100111101111101000010011
01100000111000110000010000100011
10110000010011100000110000010011
00000010100101001100110110110011
01001110000010101010111100010011
10110010000110011011010000010111
10010011011011110000101010100011
01010001001001100010100110100011
00000001101011010110001010110011
11101100011100010010010110010111
00000010101100010111111110110011
01011000110100110010101100110111
00000001101100000111001100110011
00000010001011100001001010110011
00000001000001010000100100110011
01010111101110011010101000010111
01011100000010101001010010100011
0100000100100010101001110010011
10100100110010110111100100010011
00110000110101111111110110010011
00000000011000010000110100110011
00000010110111100101011110110011
00000011100010111111010010110011
00000001010110101100000010110011
00000000000110001110001010110011
11011101010001100001111000100011
11001101101000110010101100100011
11000110011111101010000000010111
01010100101001000010110010010011
10010101000011100001100000100011
01011111111111010100111000110111
00000001000011011100011100110011
01000000010011011101111010110011
00000000101000001101000110110011
00000010110011001100101010110011
00000001011101001011110010110011
01000001100011001000111010110011
11001010110011101010000000100011
00000010100001011111010000110011
10001010011001111011000110010111
00001110011101010010011010010011
00000001011011101001100100110011
01110000001101110010001110100011
10000001000010110111010010110111
00000101000111011010101010100011
10000101100110100101010000010111
01000000110111111011010110010011
10001101010001110111100000010111
00000010111111000010011000110011
00000011001101001111010100110011
00000001010100011001110010110011
00000001011101000010100010110011
11001100001000001000110010010011
00000000101011001110000110010011
0000001100011111101000110010011
11110110100100011101010000110111
11101001100011001110100010010011
11101111010011011000001110100011
00000000111100000000010110110011
00000001011100110110111100110011
00000000010110100100000110110011
00000000011001011100001000110011
00000000101101110110111000110011
10110110110111111011110100010011
00000011000011011011011010110011
0000001110101101001011010010011
00000001011111110000011010110011
00101100011111011010111110010011
0100000110111011101010000010011
00000001010011101111110100110011
01010100100001101001001000100011
01110010010100101010010010100011
00000011101011111100101000110011
11000100111001010001000010100011
01000000111100110101100110110011
00000011100111000100111010110011
00000010000010011110100110110011
01010110100110110011011100010111
00000001000011100110011100110011
11001100011101010010010000110111
00111101010000011111101100010011
01101000010100110010100100100011
10110000101011101010011010010011
00000011111001001110010000110011
00101110111001011100101010010011
01011110011110110010101010100011
00000011000010001001010000110011
01001100001000111010110100100011
00000011011101000111011000110011
11111000001110001001001010010111
00111100110010000000100000110111
01111110101010010010010000100011
00000011000110111001001110110011
00000001111010110100111110110011
00110001101010110001000110100011
01000000000011010000010110110011
01000100111111011000101010010011
11010110001011100111111010110111
00111111001111000010101100100011
0000000101000001001111000010011
01100111011000010000011100010011
11001100011101100000111110010111
00001111101000011000110100110111
00011111101110010011101110010011
01011010110100010010001110010011
11001111001100111010110110100011
00001011000001110000001110110111
10100100100011010110010100010011
00000001000000111111111000110011
10001000000011100110100100010111
00111101001000110000111000100011
11001100011001001001111110010111
00000011010000001001110110110011
10011110001100010101001000110111
11100001011111101001011100100011
0100000001000000101011010010011
00000010100001111111110100110011
11111101110101101111110000010111
00000010111101011011100000110011
00000010101111110110101110110011
00000011000111000111101100110011
00000001111010000100001100110011
00000001100100001111110110110011
11011100101010100000010110010011
11011111111110010000101100010111
00010111011111001100001000110111
01001111100011001000011100010111
0100001110111011101010100010011
00010000100010011011100000010011
00000001111101000100011110110011
00000010111110111011111100010011
11101000011110101000101100110111
00011011000001001101100100010111
01110111010010101101010000110111
10111011111011111000000000010111
0000000100000101101101010010011
00101100101111011010101000100011
11110010100011101001101010010111
01110010101001110010000110110111
10011110001010011001000000100011
11000111101110100001010110100011
00000011110011011000000010110011
01010000010000100010000110100011
11000100011000111011100110010111
10011000100010111001010110100011
00000011110100111101101100110011
10101111111110101010101000010111
00000000111001001111000010110011
11100011111000000000101100100011
00000001110011000110110110110011
00000010111101111101011010110011
01001101010101100011100000010111
01110000010101111010010000110111
01000000001110010000110110110011
00000010101011101011110110110011
11101100101100010010010110100011
10010111010010001010100100100011
00000010100011111000100010110011
